location_name,location_type,description
$50 Marmalade,,"A shop located in the promenade at Springfield Heights, $50 Marmalade is featured in the episode ""The Girl on the Bus."""
All Night Gym,Gym,"A gym in Springfield, it is where Homer attempts to get fit despite not understanding what a gym is. The All Night Gym is frequented by Rainier Wolfcastle and offers a view of the nearby mountains, including the Murderhorn."
Alkali Flats,Natural landmark,"The Alkali Flats, also known as the Springfield Badlands, is a desert region in Springfield. It features a building used by Krusty to broadcast his show during a television outage caused by Sideshow Bob."
All Creatures Great and Cheap,Pet store inside the Springfield Mall,"A pet store located inside the Springfield Mall, it features a sign that reads ""You pet it, you bought it."" Homer often argues with a bird there, and Lisa purchased a hamster, possibly named Nibbles, which demonstrated its intelligence over Bart. The fate of the store and its animals remains unknown after the mall became abandoned."
All Trees $75,Retail of Christmas trees,"A retail shop in Springfield specializes in selling Christmas trees, presumably priced at $75 each. Homer visits this store after losing his bonus to find an affordable tree for Christmas."
Ajax Steel Mill,Steel Mill,"A steel mill in Springfield, it employs many openly gay workers and also functions as a nightclub called The Anvil. The Ajax Steel Mill is known for its vibrant atmosphere, where workers celebrate after hours with music and dancing."
Al's Work,Office,"An office where Al Simmons and Mike work, it is featured in the episode ""Homer's Night Out."" In this location, Mike faxes a photo of Homer Simpson and Princess Kashmir to Al, who then calls to thank him."
Alec and Kim's house,Residential,"This large, modern mansion serves as the summer residence for Alec Baldwin and Kim Basinger, hidden in the forest to avoid fans. Homer Simpson discovered the house after an accident and briefly worked as their agent, but he revealed its location to Springfield residents, leading to his dismissal and a restraining order against him."
Adult Education Annex,Education Facility,"An education facility in Springfield offers various adult education classes, including one taught by Homer Simpson on the secrets of a successful marriage. Other classes cover topics such as eating oranges, chewing tobacco, and funk dancing for self-defense."
Airport Bar,Bar,"Located at Springfield International Airport, this bar is accessible to all travelers. Barney Gumble has been seen drinking there."
Airport Refueling Way (bus stop),Bus Stop,"A bus stop is located near the runway of Springfield Airport, known as Airport Refueling Way. Lisa once passed this stop while on a bus ride, realizing she was on the wrong route and ended up far from home."
Aerobic Studio,Aerobics,"The aerobic studio is where Marge goes to exercise. In one episode, she discovers a photo of Homer belly dancing with a caption mocking his appearance, which angers her."
Air Springfield,,"A major airline headquartered in Springfield, it operates primarily from Springfield International Airport and is known for its large fleet of Airbus A340 aircraft. The airline has a poor safety record, with pilots reportedly selected from bars and lacking proper identification to access the cockpit."
Abercrombie & Fish,,"A perfumery store in Springfield, Abercrombie & Fish sells fragrances made from a unique ingredient called bluella."
Aced Shoe,Shoe shop,"Aced Shoe is a shoe shop in Springfield, situated next to a pawn shop."
Costumes,Costume shop,"A clothing shop in Springfield features two skeletons in the windows, likely serving as mannequins. Marge drives by this costume shop on her way to Fiesta Terraces."
Abercrombie & Rich,,"Located at the Springfield Heights Promenade, this store is a parody of Abercrombie & Fitch and is likely a clothing retailer. The Simpsons do not visit it during their Christmas shopping."
Cookie Colossus,,"A shop located in the Springfield Mall, Cookie Colossus specializes in selling cookies. Homer once walked past it and was offered a free sample of macadamia nut cookies by a saleswoman."
Cossacks Fifth Avenue,Clothing Store,"A clothing store located on Fifth Avenue in Springfield's Little Ukraine district, it is a pun on Saks Fifth Avenue and references the Cossacks, a group of East Slavic people."
Coolsville Comics & Toys,Comic book shop,"A comic book store in Springfield, Coolsville Comics & Toys is owned by Milo and is located across the street from the Android's Dungeon. It quickly gained popularity among kids for its larger selection and Milo's friendly customer service, contrasting with the indifferent attitude of Comic Book Guy."
Cora's Diner,Diner,"A diner in Springfield owned by Cora, it employs mostly ex-convicts and is a popular hangout for the Springfield police force."
The Copy Jalopy,Copying center,"A copying and printing center, The Copy Jalopy has the slogan ""We tried to make copying fun."" Lisa and Homer visited to print fliers revealing the true history of Jebediah Springfield, while Comic Book Guy was there making a copy of his screenplay."
Costington's,Department store,"A high-end department store located in downtown Springfield, Costington's is known for its slogan ""over a century without a slogan."" Owned by Mr. Costington, it has employed various Springfield residents, including Homer Simpson, who worked as a parade Santa and mattress salesman. The store sponsors the annual Thanksgiving Day parade and has been criticized by Lisa Simpson for its revealing fashion in the children's section."
Convenience Plus,Shop,"A convenience store in Springfield, Convenience Plus is featured in episodes such as ""Homer vs. the Eighteenth Amendment."""
Computer Hospital,Computer Repairing,"A computer repair facility in Springfield, it is humorously referred to as a ""hospital"" for computers. The location is featured in the episode ""Holidays of Future Passed,"" where a mix-up leads to a character mistakenly going there during a critical moment."
Consulate of Sweden,Regional office serving the embassy in the capital.,"A consulate building in Springfield, it serves as the regional office for the Swedish embassy. The Simpson family visited the consulate when Homer was convicted of copyright infringement."
Conformco,Hired brainwashing.,"A business specializing in brainwashing, Conformco Brain Deprogrammers is a subsidiary of Mrs. Fields' Cookies. Homer and Marge seek its services after Bart leaves home, leading to a mix-up where an employee accidentally kidnaps Hans Moleman, causing him to believe he is Bart."
Condos at Towne Centre at Springfield Glenne,Residence,Lenny lives in the condos located at Towne Centre in Springfield. This residential area features various shops and amenities nearby.
Colonel Tex's Traveling Carnival,Carnival,"A traveling carnival owned by a wealthy Texan, it features attractions like a yard work simulator, the roller coaster ""Tooth Chipper,"" and a rigged ring toss. Bart Simpson once worked there to pay off a debt after accidentally destroying a historical car on display."
Coffee Shop (Towne Centre),Coffeehouse,"A coffeehouse located in the Towne Centre of Springfield, it serves as a local spot for residents to enjoy coffee and snacks."
Colonel Burns' Manor,Residential,"A mansion where Colonel Burns resides, it features a stall behind it that was once home to Virgil Simpson, who lived there when he was Burns' servant. The manor has hosted events, including a ball attended by Eliza Simpson."
Cloisters Academy,Academy/Education,"A private school in Springfield, Cloisters Academy offers a quiet campus with amenities like a swimming pool, observatory, and imaginatorium. Lisa Simpson briefly attended the academy, which features a unique setup where each student has their own teacher, but she left after discovering her mother was washing the students' uniforms."
Cold Stone Screamery,Torture center,"Cold Stone Screamery is depicted as a torture center in the kingdom of Springfieldia, where characters like Hans Moleman have been shown enduring torment. It parodies the American ice cream chain Cold Stone Creamery."
Coffee Shop (New Kids on the Blecch),Coffee shop,A coffee shop is located at Springfield Squidport. It serves various coffee beverages to the residents of Springfield.
Coffee & Tea,Café,This café in Springfield specializes in serving coffee and tea.
Coffee Shop (mall),Café,"Located in the Springfield Mall's food court, this café offers a variety of coffee and snacks for shoppers. It is one of many dining options available in the bustling mall environment."
Cockamamie's,Shop,"An antique shop located in the Springfield Mall, Cockamamie's is owned by John. Marge once attempted to sell her grandmother's Civil War doll there, but John revealed it was actually a liquor bottle from the early 1970s."
Coffee Shop (Springfield Heights),Coffee shop,"A coffee shop located in Springfield Heights, it is where Marge had coffee with Patty and Selma before learning that Homer was acting as a wingman."
Clay Jars,Clay jar store,"A store located at Springfield Squidport, it specializes in selling clay jars."
Classified Records,Recording studio,"A recording studio in Springfield, Classified Records is where the Party Posse recorded their hit single, ""Drop Da Bomb."" It has also appeared as a premium building in the mobile game, The Simpsons: Tapped Out."
Classy Girls Strip Club,Nightclub,"A nightclub located on East Oak Street, it features performances by dancers, including Nelson's mom in ""The Food Wife."" Nelson is seen standing outside the establishment in the episode."
Circus of Values,"Cheap, cut-price supermarket","A cheap, cut-price supermarket offers low-priced products. Homer once shopped there for Christmas gifts, purchasing items like pantyhose for Marge and a chew toy for Maggie."
Clam-Elot Sea-Food,HideoutRestaurant (Formerly),"A former restaurant located in the Springfield Forest, Clam-Elot Sea-Food was abandoned and became a secret hideout for Kearney, Jimbo, and Dolph. Lisa Simpson and Juliet Hobbes once ran away to this location."
Chupo's Candy Store,Retail Store,Chupo's Candy Store is a candy store in Springfield owned by Mr. Chupo. It was once robbed by the candy store bandit.
In 'N' Out Ear Piercing,Ear piercing,"An ear-piercing clinic located inside Springfield Mall, it becomes a Starbucks shortly after Bart visits to get his ears pierced, inspired by Milhouse's popularity. The sarcastic clerk, Raphael, urges Bart to hurry, as the transformation is imminent."
City Morgue,,"A morgue in Springfield, it is operated by Dr. Julius Hibbert. The single-story red brick building is typically reserved for the recently deceased, although senior citizens sometimes seek refuge there during heatwaves."
Immigration and Naturalization Service,Immigration Customs Facility,"The Immigration and Naturalization Service office in Springfield handles immigration laws, including deportation and citizenship tests. Apu became a United States citizen at this location."
IMAX Theater,,"A specialist movie theater in Springfield, the IMAX Theater features large-format films. Edna Krabappel and Bart visit to watch the documentary ""Nature's Biggest Holes."""
Ice Cream,Shop,"An ice cream parlor located in the Towne Centre, it offers a variety of frozen treats to the residents of Springfield."
Imaginary Tree,Imagination,"A tree imagined by Maggie while Marge sang ""Rock-a-Bye Baby,"" where she envisioned herself falling like the baby in the song. This location is part of a non-canonical segment in the series."
I.P.O. Friday's,Stock trading,"A stock exchange located inside the Springfield Mall, I.P.O. Friday's is where Homer once went to buy stock in Animotion."
I Can't Believe It's A Law Firm!,,"A storefront at Springfield Mall, this law firm is owned by Lionel Hutz and serves as his main office. Hutz has employed a secretary named Della and often offers quirky incentives to attract clients, such as faux pearl necklaces and smoking monkey figures."
I Don't,Store,"A store in Springfield sells returned wedding cakes at a discount. Homer once visited to buy a cake, selecting one with blue rosettes."
Hyborian Apparel,Clothing store,"A clothing store located in Springfieldia, Hyborian Apparel is featured in the episode ""The Serfsons."" It is part of a scene where several characters participate in a public stoning."
House near Rendering Plant,Residential,"A house located in the Rat's Nest neighborhood, it is situated next to the rendering plant, resulting in a strong smell of hog fat. Marge and Homer Simpson were shown the house by a realtor, but they ultimately did not purchase it, despite Homer's interest."
Hullabalooza,Music Festival,"A music festival held in Springfield, Hullabalooza features various acts, including Homer Simpson, who became part of the freak show after it was discovered he could withstand cannonball blasts. He eventually had to leave the festival due to health concerns regarding his belly."
The Hungry Hun,Restaurant,"A German-cuisine restaurant in East Springfield, The Hungry Hun is known for having the best bratwurst in the area. It is also the location where Hans and Fritz negotiated the purchase of the Springfield Nuclear Power Plant from Mr. Burns."
Hot Dogs,Stall,"A stall at Springfield Squidport, it sells hot dogs that are often described as cold and droopy. Due to a local law, the seller must shout truthful information about the quality of the hot dogs."
Howard's Flowers,Shop,"A flower shop in Springfield, Howard's Flowers is known for its expensive roses, prompting Homer to buy just one for Marge. The shop was originally owned by Howard, who passed away in 1999 and was succeeded by his son."
Hooters,Restaurant,"A chain restaurant, Hooters has a location in Springfield where Mrs. Muntz worked. The restaurant is referenced in various episodes, including one where Bart wears a Hooters t-shirt."
Houseware Warehouse,Shop,"A shop that sells a wide variety of house products, including bathtubs, which Homer Simpson once purchased for brewing bootleg alcohol during Prohibition. The store's motto is ""Your super super-store store!"""
Hotenhoffer Pharmaceuticals,Pharmaceuticals,"A pharmaceuticals factory, Hotenhoffer Pharmaceuticals is known for its attempt to replicate a drug discovered by Homer Simpson. The company halted production after the drug caused severe side effects, including users' eyes popping out of their sockets."
Hotel,Hotel,The hotel is located near Moe's Tavern and next to King Toot's. It frequently appears in establishing shots of Moe's and in scenes set outside the bar.
Horatio McCallister's Houseboat,Houseboat,"Horatio McCallister's houseboat is a vessel that he tried to sell to Homer and Marge Simpson, but they declined the offer after discovering the presence of a giant squid in the area."
Hot to Trotsky's Ice-Skating Rink,Ice-skating rink,"An ice-skating rink located in Springfield's Little Ukraine district, it is the site where Homer was kidnapped by Viktor and held under the ice. Wayne Slater rescued him by melting the ice and defeating Viktor and his henchmen."
Honey Me Mine,Honey store,"A honey store owned by Captain McCallister, it allowed customers to harvest their own honey, but it was unpopular and ultimately closed due to lack of business. Homer later opened a salon called ""Are We Hair Yet?"" in the same location."
Honest John's Computers,Computer sales,"A computer store in Springfield, it is known for its dishonest sales tactics and overpriced products. Customers are often misled into purchasing expensive machines while being pressured to make quick decisions."
Homer's Hunting Club,,"A hunting club operated by Homer, it was established to allow him to serve drinks in his garage. The club features a bar where Marge serves as the barkeep, and it has hosted a performance by the band R.E.M. Although it has only gone hunting once, Homer attempted various strategies to catch a turkey, including using a plate as bait."
Homer and Mindy's Mansion,Residential,"Homer and Mindy's Mansion is a non-canon residence where Homer envisions a future with Mindy after being knocked out. In this vision, he sees himself happily living with Mindy, complete with a butler named Jeeves and playing tennis."
Homerland (Theme Park),,"An imaginary theme park envisioned by Homer, Homerland features areas like Trampoline World, Muckville USA, and Fort Adventure. Although Homer earns money charging for trampoline access, Marge ultimately makes him stop due to the injuries it causes."
Malaria Zone,Restaurant,"Located at Springfield Squidport, this restaurant features an explorer theme and is inspired by old banana republic stores, complete with a jeep in the front window."
Holding Hands Point,Natural landmark,"A natural landmark in the Springfield National Forest, Holding Hands Point is a popular spot for couples to sit on stones and hold hands. It is known for a memorable incident involving Lisa spying on Milhouse and Taffy, leading to a series of romantic misunderstandings."
Old Springfield Mall,Shops and restaurants,"An older version of Springfield Mall, this location features various shops and restaurants. It was the site of a misunderstanding involving Homer, who mistakenly believed a demolitions expert was a terrorist planning to blow it up."
Homer and Bart's Surveillance Camera Blind Spot,Blind spot,"A blind spot in the Simpsons' backyard allows townspeople to escape surveillance cameras and have fun. It was notably mentioned when Marge discussed it, leading to Ned Flanders trying to keep his sons Rod and Todd safe from bullies."
Old Quarry,Quarry,"An old quarry features a pipe leading to the Springfield Nuclear Power Plant. Homer and his friends used to swim there, and after discovering a clog in the pipe, Homer accidentally released water that revealed a dead body, later identified as Waylon Smithers, Sr., discarded by Mr. Burns."
Olde Springfield,,"A temporary town formed when half of Springfield's citizens seceded due to a dispute over a change in area code, Olde Springfield was home to the wealthier residents. It was separated from New Springfield by a wall of trash and featured notable locations such as Burns Manor, the Kwik-E-Mart, and Channel 6 News."
Old Springfield Library,Library,"The Old Springfield Library is the main branch of the public library, featuring a collection of older books. It has undergone a color change from grey to brick red, and is known for its unique offerings, including a variety of literature and even adult content."
Old Abandoned Warehouse,Warehouse,"An old abandoned warehouse serves as the location where Fat Tony kidnaps Selma, leading to an unexpected romance between them."
Old Springfield Subway,,"An abandoned subway system once operated in Springfield, known for causing earthquakes and having multiple stations, including Elm Street and Springfield Harbor. The fare was five cents when it was active, and it had a total of 15 stops throughout the city."
Old Jewish Man's House,Residential,"An elderly Jewish man resides in this house, which is featured when Homer delivers meals on wheels. Although he is typically seen at the Springfield Retirement Castle, it is suggested that he also owns this house."
Official Halloween Headquarters,Retail of Halloween items,"A seasonal store in Springfield owned by Apu, it specializes in Halloween items. The store faced issues when Apu's seasonal workers began stealing, leading to their dismissal after Homer reported them."
Old Fishin' Hole,Fishing,"Located outside the Springfield Nuclear Power Plant, the old fishin' hole is a polluted river where Bart caught Blinky, a three-eyed fish. The contamination from the power plant has caused mutations in local wildlife."
Oedipus Rx,Pharmacy,"A pharmacy sells prescription drugs and is where Homer goes to fill his narcolepsy medication. The pharmacist, Candace, asks him out on a date during his visit."
Oil Refinery,Oil refinery,"An oil refinery located in West Springfield, it is known for being a dangerous workplace where employees often suffer severe injuries. Homer and Lenny once worked there, leading to a chaotic incident involving a fire and a rescue attempt by Marge and Artie Ziff."
Nuclear Lake,Lake,"A lake located near the Springfield Nuclear Power Plant, it receives waste water from the plant, leading to mutations in local wildlife, including the three-eyed fish named Blinky. The lake is connected to the old fishing hole and Lake Springfield."
Notre Dame of Springfield,Religion,"A cathedral located in Springfield, it features prominently in a dream sequence where Homer, in a grotesque form, is pushed off the tower by Marge. The location serves as a backdrop for themes of sanctuary and transformation."
Odd Ones,Fast Food Restaurant,"A fast food restaurant located in the Springfield Mall food court, Odd Ones offers a variety of quick meal options."
Oceanscapes,,"A shop located in the promenade at Springfield Heights, Oceanscapes offers various ocean-themed merchandise."
Nuclear Power Plant (Simpsons Road Rage),,"The Nuclear Power Plant is a key location in Springfield, where Homer Simpson works as a safety technician. It is known for its safety violations and the presence of Mr. Burns, the plant's owner."
Nude-E-Mart,,"Apu briefly replaced the Kwik-E-Mart with the Nude-E-Mart, a unique establishment that combines elements of a convenience store and a strip club, featuring a clothing-optional policy."
Noise Land Video Arcade,Arcade,"A video game arcade located in downtown Springfield, Noise Land Video Arcade is a popular hangout for local youth, particularly Bart and Milhouse. The arcade features a variety of games, including classics and some less favorable titles, and has a VIP section for select customers."
New Grand Canyon,tourist attraction,"A government plan to convert Springfield's crater into a New Grand Canyon was thwarted by Homer and Bart Simpson, who destroyed the dome intended for the explosion. This event occurred after the Simpson family had escaped to Alaska."
New Springfield,,"A town formed when half of Springfield's citizens seceded, New Springfield was established due to a dispute over an area code change. Homer Simpson became its first and only mayor, but it eventually became a ghost town after he cut off the water supply, leading to its merger back with Olde Springfield."
Next Exit,Exit,"The next exit is located 34 miles from Ye Olde Off-Ramp Inn and the Sapphire Lounge, serving as the only alternative route to these establishments. Homer and Marge miss the first exit and take this one instead."
New Bedlam Rest Home for the Emotionally Interesting,Mental hospital,"A mental institution in Springfield, the New Bedlam Rest Home for the Emotionally Interesting is where Homer was sent after being declared insane for wearing a pink shirt to work. It is referenced in various episodes, including ""Stark Raving Dad,"" and is known for its association with other mental health facilities in the area, such as Calmwood Mental Hospital."
Nighthawk Diner,Diner,"A diner in Springfield, Nighthawk Diner is where Rex Banner celebrated his birthday with Eddie and Lou. It is inspired by Edward Hopper's painting ""Nighthawks."""
New Coke Inventor,,"A homeless man living under a bridge in Springfield, he is known as the inventor of New Coke, a product that led to his firing from the Coca-Cola Company due to its unpopularity."
New Beginnings,Asylum for children,"An asylum for children, New Beginnings offers help for those suspected of sociopathic behavior. Bart Simpson is briefly sent there after his parents misinterpret his test results, but he is released when the staff realizes he is a normal child."
Nick's Bowling Shop,Bowling shop,"A bowling shop located in Springfield, one of its two locations is inside the Springfield Mall. Marge once had to visit both shops due to poor service."
Neiman Mark-Up,Shop,"A store located at the Towne Centre at Springfield Glenne, Neiman Mark-Up is a parody of Neiman Marcus, known for its high-end merchandise."
Pressboard Estates (neighborhood),suburban suburb,"A middle-class subdivision in Springfield, Pressboard Estates features family houses and streets like Evergreen Terrace, home to the Simpson and Flanders families, and Pikeland Avenue, where the Van Houten family resides. This neighborhood is depicted in various episodes and media, as it includes the iconic 742 Evergreen Terrace."
Sequel Stop,Video game store,"A video game store in Springfield, Sequel Stop is where Bart Simpson tries to buy a game called ""Grand Theft Scratchy."" The purchase is interrupted when Marge catches him with the game."
Springfield City Zoo,Zoo,"A roadside zoo located in Springfield, the Springfield City Zoo has had incidents of animals escaping. The zoo is featured in various episodes of The Simpsons, including a Treehouse of Horror segment where Bart ends up in a cage with mutated peacocks."
Springfield Civic Center,Entertainment,"A building that hosts various entertainment events, the Springfield Civic Center has been the venue for award ceremonies, including the Montgomery Burns Award for Outstanding Achievement and the Cartoon Awards, where Abraham Simpson won for outstanding writing."
Springfield City Jail,Prison,"A prison located in Springfield, it is known for housing inmates like Snake Jailbird. Chief Wiggum once released prisoners to attend a peewee hockey game, despite their refusal to promise good behavior."
Springfield Cemetery,Cemetery,"Springfield Cemetery is where the residents of Springfield are buried, located next to the Springfield Pet Cemetery and in front of Springfield General Hospital. Notable individuals buried here include Frank Grimes, Maude Flanders, and Bleeding Gums Murphy."
Springfield Burn Ward,Medical facility,"A medical facility in Springfield, the Burn Ward specializes in treating burn victims. It gained attention when Homer Simpson flooded the town, providing relief to the residents."
Springfield Cemetery (Shorts),,"Springfield Cemetery is the burial site featured in the short ""The Funeral,"" where Hubert Simpson's funeral takes place. It has appeared in several episodes, including ""Simpson and Delilah,"" ""Old Money,"" and ""Mother Simpson."""
Springfield Christian School,School,"A Christian school in Springfield, it is known for its strict adherence to fundamentalist teachings. Bart Simpson was briefly enrolled there after being expelled from Springfield Elementary, but he was quickly expelled again for singing an inappropriate song during his first day."
Springfield Bus Station,Bus Station,"The bus station in Springfield serves as a hub for intercity transportation, connecting the town to other locations. Its interior is somewhat run-down, featuring stained seats and litter, along with coin-operated tel-a-chairs for waiting passengers."
Springfield Children's Hospital,Hospital,"Originally a children's hospital, it has been transformed into the Springfield Cosmetic Surgery Clinic. Mayor Joe Quimby oversaw the conversion, and the facility is known for its focus on cosmetic procedures rather than pediatric care."
Springfield Bridge,Bridge,"The Springfield Memorial Bridge is the only road access out of Springfield, often covered in graffiti and frequented by the city's homeless population. It was destroyed by a missile during a failed attempt to stop a comet but was reconstructed shortly after."
Springfield Box Factory,Box factory,"A box factory located across from Krusty Lou Studios, it manufactures boxes primarily for shipping nails, although full assembly occurs in Flint, Michigan. The factory is known for its tours, which were once popular among students from Springfield Elementary."
Springfield Buddhist Temple,Meditation and Worship,"A temple dedicated to meditation and worship, it is where Lisa Simpson explores Buddhism. Inside, she finds Lenny and Carl meditating, and Richard Gere raking sand in a zen garden."
Springfield Birdwatching Society,,"A group dedicated to observing and protecting birds meets at the Springfield Municipal Building, where they have an office space. The society is led by Seymour Skinner and includes members such as Edna Krabappel, Apu Nahasapeemapetilon, and Moe Szyslak."
Springfield Beach,Beach,"A beach along Springfield's coastline, Springfield Beach is popular for family trips and weddings. Notable events include Kirk and Luann Van Houten's second wedding and Lisa's efforts to care for a stranded whale named Bluella."
Springfield Bentley,Car Dealer,"A car dealership specializing in Bentley luxury vehicles, it once offered free tickets to a health spa in exchange for test drives, prompting Homer Simpson to pretend to be wealthy for a chance to drive one of the cars."
Springfield Bowl,Amphitheater,"An amphitheater located inside Jebediah Springfield Park, Springfield Bowl is where Mr. Burns attempted to host a variety show after the town was destroyed by the Lard Lad statue. The design is inspired by the Hollywood Bowl, and it has historical significance for Burns, who had a traumatic experience there as a child."
Springfield Auction House,Auctions,"A building used for holding auctions, the Springfield Auction House is where Bart Simpson famously bought a painting for 23 million dollars before fleeing the scene. The auctioneer also ran off laughing, revealing that no serious bids had been made."
Springfield Atoms,,"Springfield's American football team is the Springfield Atoms, known for their intense rivalry with the Shelbyville Sharks. The team was controversially relocated from Portland and features standout player Stan Taylor."
Springfield Botanical Gardens,Botanical garden,"An area open to the public, the Springfield Botanical Gardens features rare and exotic plants. It has hosted events such as the McClure-Bouvier wedding and has experienced incidents like a stampede of Springfield residents."
Springfield Barber College,Education,"Students at Springfield Barber College train in hair cutting and styling, though their skills are often questionable. Bart receives a free haircut there as part of the family's financial sacrifices for their dog, Santa's Little Helper."
Springfield Bachelor Apartments,Apartment,"An apartment complex in Springfield, the Springfield Bachelor Apartments was briefly home to Apu after he was kicked out by Manjula for infidelity. Kirk Van Houten also lived across the hall."
Springfield Arms,,"An apartment complex in Springfield, Springfield Arms is the residence of Comic Book Guy. The police once raided the building to arrest him for possession of illegal videos, and the Simpson family temporarily stayed there while their home was being fumigated."
Springfield Atoms Stadium,Sporting Events,"A luxury stadium hosts the Springfield Atoms, featuring amenities like a sushi bar, a 60-screen cinema, a museum of tolerance, a day spa, and a zoo with NFL team mascots. It has a retractable roof and a large jumbotron, and is believed to have replaced the Springfield Estadio de Toros."
Springfield Arts Center,Art education center,"An arts education center in Springfield, it was mentioned in the news as having burned down in a fire, along with several other local establishments. Its current status after the incident remains unknown."
Springfield Animal Shelter,Animal shelter,"The Springfield Animal Shelter cares for sick and abandoned animals, often run by a grumpy woman who has a tendency to euthanize them. Marge has taken Lisa there on two occasions to adopt pets, including after the death of Snowball II."
Springfield Arboretum,Arboretum,"A municipal arboretum in Springfield, it features water lilies that provide a peaceful escape for Martin Prince from bullying at school. The arboretum also contains various trees, which were quickly stripped of their leaves by Stampy."
Springfield Aqua-Cars,Aqua-Car factory,"An aqua-car factory existed in Springfield during the 1950s, known as Springfield Aqua-Cars. It was the state's first factory dedicated to producing amphibious vehicles that could operate both on land and in water, resembling the real-life Amphicar."
Springfield Antiques,Antique shop,"An antique shop located in Springfield, it is known for a fight between Homer Simpson and Tom that resulted in the destruction of its sign."
Springfield Armory,Armory,"An armory located in Springfield, it is known for being the launch site of a rocket built by Professor Frink to destroy a comet threatening the town, although it ultimately missed and struck Springfield Bridge instead."
Springfield Animal Refuge,Animal refuge,"An animal refuge designed to provide better lives for animals held in captivity, it features open fields resembling their natural habitats. The Simpson family donated Stampy, the elephant, to this refuge."
Jebediah Springfield,,"Jebediah Springfield, originally named Hans Sprungfeld, is the legendary founder of Springfield, known for his supposed heroic deeds, including killing a bear with his bare hands. A statue of him stands in the town square, depicting him triumphantly with his foot on a bear's head, although historical accounts of his life reveal a more controversial and dubious past as a pirate and enemy of George Washington."
Springfield Post Office,Post office,"The main post office in Springfield is known for its high volume of undelivered mail, with workers sometimes searching through letters for money. It is also a common field trip destination for Springfield Elementary School."
Sycamore Avenue,Street,"A street in Springfield, Sycamore Avenue is mentioned in an episode where Lisa listens to various bus stop names. It is also noted for its treehouses."
Springfield Power Works,Factory,"A factory in Springfield during the early twentieth century, it was owned by Montgomery Burns and featured an atom smashing building where employees worked."
Swapper Jack's,Superstore,"A healthy convenience store in Springfield, Swapper Jack's became popular after opening, attracting customers away from the Kwik-E-Mart. Apu, feeling betrayed, confronted Homer and later attempted to rob the store, but was dissuaded by Snake Jailbird, who worked there. After a brief closure due to a scandal involving monkey meat, the store reopened with a live performance by Krusty the Clown."
Swell-Air Hotel,Hotel,"An exclusive hotel in Springfield, Swell-Air Hotel was the intended venue for Marge and Homer's third wedding, which was disrupted by Homer's mysterious disappearance. The hotel is linked to a keychain with the initials S.B., initially leading Bart and Lisa to suspect Sideshow Bob, but the keys actually belong to Selma Bouvier."
Sweet Home Alabama,Shop,"A shop located in the Springfield Mall, it is where Mr. Burns searched for a gift for the Simpsons. The name references the famous Lynyrd Skynyrd song ""Sweet Home Alabama."""
Swigmore University,University,"A bartending university in Springfield, Swigmore University is where Moe obtained his degree in bartending before opening Moe's Tavern."
Suicide Bridge,Bridge,"A bridge in Springfield, known as Suicide Bridge, is where Homer contemplates suicide after mistakenly believing Marge is cheating on him. The bridge is dedicated to Chester L. Suicide and features in the episode ""Eternal Moonshine of the Simpson Mind."""
Surly Joe's Foundation Repair,Construction Company,"A construction company in Springfield, Surly Joe's Foundation Repair specializes in repairing building foundations and is the only one of its kind in town. Owned by Surly Joe, the company is known for its high prices, as seen when it charged the Simpson family $8,500 to fix the sinking west side of their home."
Suicide Notes,Music store,"A music and poster shop specializing in alternative music, it is known for its indifferent and sarcastic teenage employees. Homer visited while searching for a Bread album and was surprised to find a Styx record in the oldies bin, highlighting the staff's lack of knowledge about classic bands."
Styx and Stones Records,Store,"A record shop in Springfield, Styx and Stones Records features customers listening to Homer's song ""Everybody Hates Ned Flanders."" The store's name references the rock bands Styx and The Rolling Stones, as well as the nursery rhyme ""sticks and stones may break my bones."""
Stuff-N-Hug,Shop,"A store located in the Springfield Mall, Stuff-N-Hug allows customers to create and customize their own stuffed animals."
Suicidal Moron Pass,Route,"A dangerous and underdeveloped road off Rural Route 9, Suicidal Moron Pass features hills, a forest, animals, and a cliff. Homer and Marge have both taken this shortcut home."
Stuckey's,Coffee shop,"A coffee shop in Springfield, Stuckey's is where Marge, Ned, and Timothy Lovejoy discussed Bart's and Homer's conversion to Catholicism."
Stu's Disco,Disco,"A '70s-style disco club, it is likely owned by Disco Stu and features a windowless brick exterior with a large neon sign. Inside, the club has a purple gridded floor, dark green walls, and serves drinks like shot glasses and margaritas, while playing looped instrumental disco music."
Stoner's Pot Palace,Kitchenware store,"A kitchenware store in Springfield, Stoner's Pot Palace is known for misleading customers with its name, leading some, like Otto, to expect a head shop. Marge has purchased items such as a juice bowl from the store."
Stor-U-Stuff,Self-storage compartments,"A storage locker in Springfield, Stor-U-Stuff is where Seymour Skinner kept some of his personal belongings after being exposed as a fraud. The real Seymour Skinner later retrieved his items from the locker before leaving for Capital City."
Streami's,Restaurant,"A restaurant in Springfield, Streami's caters to podcasters and features walls adorned with pictures of notable figures in the podcasting world. Kent Brockman has been seen socializing there with various podcast personalities."
Storytown Village,Children's theme park,"A children's theme park for ages 1 to 7, Storytown Village featured animatronic storybook characters, a petting zoo, and a ferris wheel. It closed after a tragic incident and was later converted into a Christian theme park called Praiseland, which also eventually shut down due to a gas leak."
Strategic Air Command Springfield Station,Strategic Air Command base,"A Strategic Air Command base is located in Springfield, known as the Springfield Station. It plays a role in the episode ""Gone Boy."""
Stonecutters Lodge,Headquarters for the Stonecutters,"The Stonecutters Lodge serves as the headquarters for the Stonecutters, a secret society comprised mainly of male citizens of Springfield. Members gather at this lodge for their meetings."
Stonecutter's Daycare Center,Daycare Center,"A daycare center owned by the Stonecutters was established after Homer became the chosen one, as a way for the organization to give back to the community. Some members of the Stonecutters have worked there."
Statue of Jebediah Springfield,Statue,"Located in Springfield Town Square, the statue depicts Jebediah Springfield, the town's founder, standing over a bear he allegedly killed. The statue has been the center of various incidents, including Bart Simpson stealing its head, which led to public outrage."
Steel Mill,Factory,"A steel mill factory in Springfield is responsible for producing steel and has contributed to environmental issues, such as acid rain, affecting the area."
Stomach Staples Center,Medical Facility,"A plastic surgery office visited by Marge Simpson, it parodies the Staples Center in Los Angeles."
Starlight Motel,Motel,"A motel in Springfield, the Starlight Motel is often frequented by Mayor Quimby and his girlfriend."
Taj Mah-All-You-Can-Eat,Restaurant,"A restaurant in Springfield, Taj Mah-All-You-Can-Eat is where Homer once indulged in a massive amount of food while being secretly filmed for a television show. The establishment's name is a play on the Taj Mahal."
The Seething Sisters,Restaurant & gas station,"A restaurant and gas station, the Seething Sisters is where Ruth Powers and Marge Simpson stop to eat and use the phone while evading the police. The establishment is known for its patrons' mantra, ""friends stick together,"" which influences Marge's decision to continue running from the law with Ruth."
Ziffcorp,,"A software company formerly owned by Artie Ziff, Ziffcorp produced products like the Snore Converter and a device that turns computer noise into music. The company ultimately failed due to Ziff's extravagant spending, leading to his legal troubles and a loss of ownership to Homer Simpson in a poker game."
Zip Zap and 'Za Pizza Arcade,RestaurantArcade,"A pizza restaurant and arcade in Springfield, it features various games, including a skateboarding game. Principal Skinner once arranged for Bart to take Melody there while he spent time with Calliope Juniper."
Zesty's,Restaurant,"A restaurant in Springfield, Zesty's serves pizza and subs and is known for having the world's first crustless pizza. It is one of the many establishments located in the town square."
Zip Boys (shop),Shop,Zip Boys is a shop featuring mascots of the same name. It is known for its involvement in a chaotic scene where the mascots come to life and become aggressive.
Ziff Mansion,Residential,"A mansion owned by Artie Ziff, it was the setting for a senior prom that Artie organized to show Marge what her life could have been like with him. The mansion later appears when Artie's possessions are repossessed, highlighting his fall from grace."
Zechariah Springfield,,Zechariah Springfield is the son of Jebediah Springfield and the older brother of Obadiah Springfield. He was born in the Shelbyville hospital.
Your Picture On a Rembrandt,Photo kiosk,"A photo kiosk located in the Springfield Heights Promenade, it features a picture of Moe Szyslak, who had his portrait done there. The Simpson family visited this kiosk while Christmas shopping."
You Thai Now,Restaurant,"A Thai restaurant in Springfield, You Thai Now is owned by Mr. Thai, who once hired Bart to distribute menus around town to help fund his daughters' education."
Young Woman,,"One of Mayor Quimby's many mistresses, she was seen with him at the Who's to Know Motel, where he offered to name a street after her."
Ye Olde Off-Ramp Inn,Inn,"An inn located in Springfield, Ye Olde Off-Ramp Inn hosted the Little Miss Springfield pageant and served as temporary accommodation for the Simpson family after their house was infested with termites. It has appeared in various episodes of the series and in video games, including The Simpsons: Hit & Run."
Yogurt Nook,Yogurt store,"Located inside Springfield Mall, this yogurt store is situated next to a law firm. Yogurt Nook participated in the Taste of Springfield outdoor food festival."
You Forgot-Me-Nots,Gift shop,"A gift shop in Springfield that sells inexpensive items, You Forgot-Me-Nots is where Bart went to find a present for Lisa. The shop is staffed by a character named Wiseguy."
Yuk-ingham Palace,Joke Shop,"A joke shop in Springfield, it specializes in novelty and prank products, including itching powder and x-ray specs. The name parodies Buckingham Palace."
Ye Olde Animatronic Saloon,Saloon,"A tavern located in Bloodbath Gulch, this saloon features animatronic robots that represent old west characters. Homer is dismayed to find that it does not serve alcohol, and after he punches one of the robots, chaos ensues as the machines begin to malfunction and attack."
Ye Olde Candlemaker Shoppe,Attraction,"A historic candle shop located in Olde Springfield Towne, it was briefly worked at by Homer Simpson in 1980, who was fired for making a disfigured candle that offended tourists."
Ye Old Butcher Shoppe,Butcher shop,"A butcher shop in Springfield, Ye Old Butcher Shoppe is where a steak was once put out for Santa's Little Helper and She's the Fastest during a walk."
X-Mas Trees Slightly Irregular,Christmas tree lot,A Christmas tree lot sells mutant Christmas trees. Homer passes by it while searching for a tree.
Yarn Barn,Yarn shop,"A yarn shop located in Springfield, the Yarn Barn is notable for an incident where a Duff racer crashed into the building after a cat from the Crazy Cat Lady distracted the driver."
World Wide Web,Internet Café,"An internet café in Springfield, it attracts many nerds, including characters like Database and Report Card. However, insect-like individuals such as the Human Fly and Bumblebee Man dislike it due to the computer network resembling a spider web that entangles them."
Ye Old Harpsichord Shoppe,Shop,"A store that specializes in selling harpsichords, it is notable for the sounds produced by the instruments during a hurricane that struck Springfield."
Ye Olde Anchor Shoppe,,"A specialist maritime store in Springfield features anchors in its front display window. It is known for its appearance during the Springfield monorail incident, where Captain McCallister criticized Homer's makeshift anchor."
Worst Western,Hotel,"A rundown hotel in Springfield, the Worst Western features rented sheets and cardboard box furniture. It serves as a residence for Roger Meyers Jr. after the bankruptcy of Itchy & Scratchy Studios."
Woosterfield Hotel,Hotel,"A hotel in Springfield, the Woosterfield Hotel is owned by the affluent Woosterfield family and is located at 35 City London Road. Lenny once hosted a party there after winning the lottery."
Witness Relocation Program,Crime Protection Organization,"A program designed to help victims of crime relocate and assume new identities, the witness relocation program moved the Simpson family to Terror Lake after Bart received threats from Sideshow Bob. Homer had difficulty adjusting to his new identity and inadvertently revealed his association with the program."
Willie's shack,Home,"The shack serves as the home of Groundskeeper Willie, located on the playground of Springfield Elementary School. It has been destroyed multiple times, often due to Bart's pranks, and at one point, Willie had a girlfriend named Inga who lived there."
The Wooly Bully,,"A hat shop in Springfield, The Wooly Bully is where Jimbo purchases his purple toboggans."
Clancy Wiggum,,"Chief Clancy Wiggum is the head of the Springfield Police Department, characterized as a lazy and incompetent officer with a fondness for donuts. He often flaunts his authority despite being uninformed about the law and is known for his corrupt practices, including accepting bribes. Wiggum is frequently assisted by his more competent officers, Eddie and Lou."
Ralph Wiggum,,"Ralph Wiggum is a major character in The Simpsons, known as the son of Chief Wiggum and Sarah Wiggum, and a student at Springfield Elementary School. He is portrayed as a well-meaning boy with learning and social disabilities, often exhibiting quirky behavior and a surprising potential for performance."
Wind Chimes,,"A shop that sells wind chimes is located near Springfield Beach. The owner experienced a breakdown due to the constant chiming, and Marge accidentally burned it down while rushing home after receiving an invitation to Costa Rica."
West Oak Street,Street,"West Oak Street is located in the Springfield Heights area and features businesses such as El Chemistri, The Fifth Helping, Vulgari, and Monoclecrafters. It runs parallel to East Oak Street."
Widow's Peak,Mountain,"The second highest mountain in Springfield, Widow's Peak has an elevation of 13,613 feet and is known for heavy snowfall, making it prone to avalanches. Homer once rescued Barney from an avalanche on the mountain after a prank call led Barney to a fake plowing job there."
Wicked Excess,,"Located inside Springfield Mall, Wicked Excess is a store that offers a variety of upscale and trendy electronics, appliances, furniture, and novelty items."
West Springfield Elementary School,School,"An elementary school located in West Springfield, it shares the same floor plan as Springfield Elementary School. Notably, it offers French classes, which Lisa Simpson discovers after mistakenly attending the school."
West Springfield,Region,The western region of Springfield is known as West Springfield.
Who's To Know Motel,Motel,"A motel in Springfield, it is featured in the episode ""Separate Vocations,"" where Mayor Quimby attempts to gain votes by asking a young woman if she wants a street named after her."
Wellness Foods,Supermarket,"A supermarket in Springfield, Wellness Foods specializes in organic products that spoil quickly. It promotes the use of reusable grocery bags and features a selection of magazines focused on health and sustainability."
We Have Restrooms!,Restaurant,"Located on Fast Food Boulevard, this restaurant features restrooms and is known for its brief appearance in ""E. Pluribus Wiggum"" and ""The Simpsons Movie."""
Weasel Island,"Tourism, former Civil War prison","An island off the coast of Springfield, Weasel Island is known for its round shape and is home to a population of weasels, a historic Civil War prison, and a dilapidated amusement park. Access to the island is only possible via the Island Queen ferry."
Wed Lobster,Bridal shop,"A bridal shop in Springfield, Wed Lobster is where Marge purchased a dress for her and Homer's third wedding. The name is a pun on the seafood restaurant Red Lobster."
Well & Good,,"A cannabis store in Springfield, Well & Good offered a variety of cannabis products, including lollipops, candles, and sodas. The store was affected by the re-criminalization of marijuana in the state following an incident involving Homer."
Waverly Hills,,"An upper-class district of Springfield, Waverly Hills features an upscale elementary school that Bart and Lisa attended. While most residents are relatively well-off, some, like those living in the Royal Waverly Apartments, are exceptions."
Waterfront,Boardwalk,"Springfield's waterfront is a boardwalk area that features various businesses and was once the center of a squid-gutting industry. It was revitalized with the construction of the South Street Squidport and is known for Mr. Burns' casino, which briefly operated there."
Wee Madame,Clothing Store,"A clothing store located in the Springfield Mall, Wee Madame specializes in girls' clothing."
Vulgari,Jewelry store,"A jewelry store chain with locations in Springfield, Vulgari is a parody of the luxury brand Bulgari. It is situated on West Oak Street and in the Towne Centre at Springfield Glenne."
Warehouse,Warehouse,"A storage and shipping facility in Springfield, the warehouse appears disheveled and unkempt on the outside, leading Homer Simpson and Larry Burns to mistakenly believe it is abandoned. However, it is fully functional on the inside."
Waylon Smithers' house,Residential,Waylon Smithers resides in a house located in the Springfield Heights district.
Wall E. Weasel's,Family entertainment center,"A family entertainment restaurant in downtown Springfield, Wall E. Weasel's offers food and activities geared towards children, including arcade games, skee ball, a basketball game, a ball pit, and a whac-a-mole-style game called Whack-a-Weasel. The venue features poorly-maintained animatronic puppets, including Wal E. Weasel and Signor Beaverotti, who perform for birthday parties."
Wage Gap,Clothing Store,"Located in the Springfield Mall, this clothing store parodies The Gap and is named Wage Gap."
Walter R. Bridgetunnel Theatre,Theater,"A theater in Springfield, the Walter R. Bridgetunnel Theatre is featured in episodes such as ""Lisa with an S"" and ""Springfield Splendor."""
Video Matchmaking,Video dating service,"A video dating service operates in Springfield, where Homer once created a videotape of Ned Flanders to help him find dates, though the results were disappointing. Comic Book Guy is a frequent visitor, often checking out videos of women."
Vinegar Parlor,Parlor,"A parlor that operated in Springfield during the 1940s or 1950s, the Vinegar Parlor likely closed as the town's economic conditions worsened."
Video Village,Video shop,"A video shop in Springfield, Video Village is where an employee once put out a steak for Santa's Little Helper and a greyhound during their walk."
Victor/Victoria's,Clothing store,"A clothing store frequented by Homer, who visited to change his outfit while living with Julio and Grady. He struggled with his belly size, ultimately resorting to wearing a belt to keep his shirt in place."
Village Apartments,Apartments,"An apartment block located in a gay neighborhood, it is home to Julio and Grady. Homer briefly lived there as a roommate after a conflict with Marge, where he learned about gay culture before ultimately leaving after an awkward encounter with Grady."
Veterans Of Popular Wars Hall,,"A building in Springfield where war veterans gather to share their experiences, the Veterans of Popular Wars Hall has hosted various veterans, including Abraham Simpson II and Jasper Beardly. Bart Simpson once reported on a flag-making event there, which frustrated his sister Lisa."
Victarion's Secret,Shop,"A clothing store that parodies Victoria's Secret, Victarion's Secret offers women's apparel in Springfield."
Victor's Secret,,"A men's clothing store located at the Springfield Heights Promenade, Victor's Secret features a memorable scene where Marge has two salesmen try on oversized underwear for Homer during her Christmas shopping. The salesmen fold the underwear like a flag and place it in a small box, cautioning Marge to be careful when opening it."
VHS Village,Video store,"A video store in Springfield, VHS Village was formerly known as the Beta Barn. It offers a variety of titles, including sports, foreign films, and action thrillers, and carries at least one McBain movie."
Victim's house,Residential,"A house was targeted by Ms. Lucille Botzcowski, known as the Babysitter Bandit, who stole all their valuables. It was featured in the episode ""Some Enchanted Evening."""
Veterans Of Unpopular Wars Hall,,"A building in Springfield where war veterans gather to share their experiences, the Veterans of Unpopular Wars Hall features a tavern called The Voum. Notable discussions have included stories from veterans of various conflicts, including humorous and contentious anecdotes about their service."
Vesuvius Pizza,Fast-Food Restaurant,"A fast-food restaurant located on Fast-Food Boulevard, Vesuvius Pizza featured a volcano on its roof that erupted tomato sauce. It was destroyed by a gas explosion, resulting in pizza batter being sprayed over the crowd, except for Hans Moleman, who was crushed by falling debris while trying to get free food."
Veteran's Park,Park,"A park in Springfield, it honors veterans and is featured in the episode ""Bart's Girlfriend."""
The Vast Waistband,,"A clothing store located in the Springfield Mall, it specializes in apparel for obese men, offering items like ponchos, muumuus, and jumpsuits. Homer once visited the store to find comfortable clothing after gaining weight to work from home, ultimately choosing a muumuu for its loose fit."
Van Houten House,Residential,"The Van Houten House, located at 316 Pikeland Avenue, is a pink residential home where Kirk, Luann, and their son Milhouse live, along with Milhouse's Shih Tzu and Taquito. It is situated down the street from the Simpson's house and next to Elizabeth Hoover's house."
Utility Basement B,Storage room,"A storage room located in the school, Utility Basement B was used by Principal Skinner to trap Bart and his friends under the pretense of giving them mountain bikes during a school inspection. They remained locked inside for an extended period before eventually escaping."
Uriah's Heap Recycling Center,Recycling center,"A recycling center in Springfield, Uriah's Heap Recycling Center is where students from Springfield Elementary take their recyclables. Despite collecting six bags, they received only $0.75, which was insufficient to cover the costs of their planned field trip."
Van Brunt & Churchill Ad Agency,Advertising Company,"An advertising company, Van Brunt & Churchill specializes in creating giant figures for advertisements. These figures can come to life and caused chaos in Springfield when Homer Simpson stole Lard Lad's donut, but the town managed to stop them by ignoring their antics."
Urban Outhouses,Outhouse store,"An outhouse store located in Springfield, Urban Outhouses is a parody of Urban Outfitters. It appears in the episode ""The Serfsons."""
"Up, Up and Buffet!",Buffet restaurant,"A buffet restaurant shaped like an airplane, it offers a unique dining experience that simulates eating during a flight. Located near the Gilded Truffle, it features turbulence effects and keeps silverware in luggage compartments. Homer and Marge visited the restaurant on their wedding anniversary after a babysitting mix-up."
Unnamed district,,"This district in Springfield is where Marge grew up and includes notable locations such as the Bouvier house, a 7-Eleven, a McDonald's, and a food bank that was formerly a bank. The area reflects Marge's past, including her academic achievements as revealed when the Simpson family visited her old home."
Unnamed Alleyway,,"An alleyway in Springfield connects Evergreen Terrace to the street ahead. It appears in the episode ""Marge Be Not Proud"" as a dirty alley, contrasting with its cleaner depiction in the show's intro."
University of Minnesota Spankalogical Protocol,,"The University of Minnesota Spankalogical Protocol is a controversial treatment involving eight months of continuous spanking sessions, which Ned Flanders underwent as a child to control his behavior. This method ultimately backfired, leading to repressed anger that manifested in irrational outbursts later in life, prompting Ned to seek help at Calmwood Mental Hospital, where he learned healthier ways to express his emotions."
Unincorporated part of Springfield,,"The unincorporated part of Springfield connects Evergreen Terrace with Springshire. It features a forested area where Marge and Bart ride a tandem bike, encountering various characters like Reverend Lovejoy and Cletus during their journey."
Uncle Moe's Family Feedbag,Family restaurant,"A family restaurant that Moe Szyslak transformed from his tavern, Uncle Moe's Family Feedbag initially attracted customers with promotions like million dollar birthday fries and a guarantee of free food if he wasn't smiling at the check. However, after a negative incident with a young customer, the restaurant reverted back to Moe's Tavern."
Uncle Homer's Daycare Center,Daycare Center,"A daycare center was established by Homer Simpson in his home after he injured his leg and was unable to work. Initially successful and popular with neighborhood children, it ultimately closed down after a disastrous incident at an awards ceremony where Homer embarrassed himself in front of the audience."
Turn Your Head and Coif,Beauty parlor,"A beauty parlor in Springfield, it is where Marge took Lisa to try out various hairstyles for the Little Miss Springfield beauty pageant. The name is a pun on the phrase ""turn your head and cough."""
Turban Outfitters,Shop,"A store that sells turbans, Turban Outfitters is located at Springfield Squidport. The name is a pun on Urban Outfitters."
U Tote,Truck Rental Service,"A truck rental service where Bart once rented a truck, U Tote is a parody of U-Haul."
U.S. Air Force Base,Air Base,"The U.S. Air Force Base in Springfield serves as a military installation for the Air Force, featuring a nuclear warhead storage facility, hangars, and a command office led by Colonel Leslie Hapablap. It is known for hosting air shows and has been the site of various incidents, including Sideshow Bob's failed attempt to use an outdated atomic bomb to threaten the town."
Twelve-Day Dry Cleaners,Dry-Cleaning Service,A dry-cleaning service located across the street from Moe's Tavern.
Tsarbucks,Coffee Shop,"A coffee shop located in Springfield's Little Ukraine, Tsarbucks is a parody of Starbucks. It is mentioned in the episode ""The Falcon and the D'ohman,"" where Wayne Slater passes by while on a mission to rescue Homer."
Tuition Academy,Private school,"A private all-girls school in Springfield, Tuition Academy is known for being a scholarship-free environment. It is first seen when Lisa waits for her friend Juliet Hobbes, who is a known student there."
Trappuccino,,"Trappuccino refers to a crisis in Springfield when a dome was placed over the city by Russ Cargill and the EPA due to Homer Simpson contaminating Lake Springfield. The event lasted 100 days and was dubbed ""Trappuccino"" by Channel 6 News, ultimately ending when Homer and Bart thwarted Cargill's plan to destroy the town."
Trader Earth's,Grocery store,"A grocery store specializing in organic food, Trader Earth's is where the Springfield Democrats held a meeting. It is a parody of Trader Joe's."
Trout Hatchery,Trout breeding,"A fish farm in Springfield, the trout hatchery is where trout are bred. It is featured in the episode ""The Last Temptation of Homer,"" where Homer crashes into the facility while distracted by his thoughts."
Trees $60 and Up,Retail of Christmas trees,A retail shop sells Christmas trees priced at $60 and above. Homer drives past it while heading to cut down a tree from the forest.
Toys 'Я' Us,Toy store,"A toy store in Springfield, based on the real-life Toys 'R' Us chain, was closed after Moe changed the sign. The store is referenced in the episode ""D'oh Canada,"" where the Simpsons pass by the closed location."
Toys Were Us,Toy Store,"A toy store located in the Springfield Mall, it serves as a parody of Toys ""R"" Us, which has gone out of business."
"Toys ""L"" Us",Toy shop,"A toy store located in Springfield's Chinatown, it parodies the Toys ""R"" Us chain."
Toys,,"A shop located in the Springfield Mall, it sells toys and is situated between the Popcorn Shack and Dr. Zitsofsky's Dermatology Clinic. Marge, Lisa, and Maggie have visited this store while Christmas shopping, but they only looked without making any purchases."
Towne Centre Trolley,,"A narrow-gauge rail vehicle transports people around the Towne Centre. It should not be confused with the Li'l Lisa mini-train, which also operated in the area."
Toy Town,Toy Factory,"A toy factory located in Springfield, Toy Town is seen during a school trip taken by Edna Krabappel's students."
Towne Centre at Springfielde Glenne,Shopping Centre,"A new outdoor shopping mall in Springfield features a variety of parody stores and a trolley for easier navigation. It includes dining areas, dancing waters, and shops like Cinnabun, Cookie Mart, and the Leftorium Express."
Toys 'N' Stuff,Toy store (presumably),"Toys 'N' Stuff is a toy store located near Springfield Town Square. It appears in the video game ""The Simpsons: Bart vs. the Space Mutants,"" where it serves as a location for Bart to purchase items needed for gameplay."
Town Jubilation Committee,,"A group of Springfield citizens is responsible for upholding the legacy of the town's founder, Jebediah Springfield, by organizing events like the bicentennial parade and appointing the town crier. Key members include Mayor Quimby, Police Chief Wiggum, Reverend Lovejoy, Principal Skinner, and Dr. Hibbert, although some members do not take their roles seriously."
Top It Off,Store,"A store located near Springfield Town Square, Top It Off is featured in several episodes of The Simpsons, including ""Marge in Chains"" and ""Homer vs. the Eighteenth Amendment."""
Tony's,,"Tony's is a restaurant located near Springfield Town Square. It is featured in the episode ""Homer vs. the Eighteenth Amendment."""
Tool World,Tool shop (presumably),"A tool shop located near Springfield Town Square, Tool World is featured in the video game ""The Simpsons: Bart vs. the Space Mutants."" It is one of the storefronts where Bart can purchase items, including a key and a wrench, to complete tasks in the game."
Thrift Shop,Thrift shop,A thrift shop in Springfield sells cheap and used items.
Toupee Chalet,Toupee shop,"A toupee shop in Springfield, it is where Homer goes to get a wig identical to his old hair after Mr. Burns and the Rich Texan pluck out his hair for a scavenger hunt."
Tibet Town,District,"A district of Springfield located next to Chinatown, Tibet Town is a locked alley surrounded by barbed wire. Residents report constant harassment from the neighboring Chinatown."
Tommy Hillclimber,Camping goods store,"A camping goods store located in the Springfield Mall, Tommy Hillclimber is a pun on the clothing brand Tommy Hilfiger."
Thorn Valley Roses,,"A commercial rose garden is located near Evergreen Terrace, where Homer Simpson was once forced through the bushes. This incident led to him accidentally delivering roses to Marge, ultimately saving their marriage."
Things Unnecessary,Unnecessary merchandise,"Located at the Springfield Heights Promenade, this store sells a variety of unnecessary and overpriced merchandise. Homer once purchased an astrolabe from there."
The Sole Provider,Shop,"A store located in Springfield Mall, it serves as a parody of Foot Locker and features bullies as employees. Bart and Milhouse once encountered the bullies there, leading to a confrontation that resulted in the bullies getting revenge on them."
The Webs at Giant Spider Acres,Retirement forest,"A retirement forest located in Springfieldia, it is known as a place where residents like Abraham Simpson II and Jacqueline Bouvier have lived. The Serfson family visited to pick up Jacqueline from this location."
The Starlight Motel,Motel,"A motel in Springfield, the Starlight Motel is notable for its bright sign that once interrupted Lisa's stargazing. It has been featured in the episode ""'Scuse Me While I Miss the Sky."""
The Springfield Shopper Building,Newspaper publishing,"The Springfield Shopper Building, located at 314 Dutch Elm Street, serves as the headquarters for the Springfield Shopper, the town's most popular newspaper. Homer Simpson once became a food critic for the paper after attending a retirement party, leading to various comedic misadventures involving his family and the newspaper's staff."
The Springfield Harmonica Store,Shop,"A shop that specializes in selling harmonicas, it gained attention when a hurricane caused the instruments to produce sound due to the strong winds."
The Springfield Inquisitor,,"A tabloid magazine in Springfield, the Springfield Inquisitor is known for sensational stories and gossip. The Simpsons once sold a photo of Duffman and Booberella to the magazine to pay off a bill."
The Wiccans,,A group of three teenage girls practices witchcraft in the forest. They are known as the Wiccans.
The Sea Cap'n's Bait 'n' Baron B'n,Shop,"A shop located at Springfield's docks, it is run by the Sea Captain and sells bait along with various aquatic items, such as ships in bottles. Handsome Pete is known to perform there."
The Snub Club,Party hall,"A party hall frequented by celebrities, it is located across the road from Moe's Tavern. The Snub Club serves as a venue for celebrations, where characters like Rainier Wolfcastle and Krusty have been seen, and it plays a role in various events involving Homer and the celebrity community."
The Seniorville Trolley,Public transport,"A bus service catering to the elderly, the Seniorville Trolley is likely associated with the Springfield Retirement Castle. It is featured in the episode ""Lady Bouvier's Lover,"" where Jacqueline Bouvier and Abraham Simpson II board the bus after an aborted wedding."
The Refuge of the Damned,Hiding place for nerds.,"A secret location within Springfield Elementary School, this refuge is used by nerds to escape bullies. Bart Simpson is welcomed here by Martin Prince and other members, where they engage in activities that often attract the attention of bullies."
The Promenade on the Grove,Sub-district,"Located in Springfield Heights, this sub-district features various shops, including a cultural artifacts store and a pet costume shop. Lisa visits her friend Sam Monroe here, and the area offers free parking for the first hour."
The Pimento Grove,Restaurant,"A fine dining restaurant in Springfield, The Pimento Grove is popular among local and visiting celebrities, with framed photos of them adorning the walls. The restaurant features a posh interior with dark red carpeting and a dark olive green exterior, and it was established in the 1990s."
The Rolling Stones Rock N' Roll Fantasy Camp,Camp,"A rock camp run by the Rolling Stones, where Homer and other Springfield citizens learn music from famous artists like Mick Jagger and Tom Petty. Participants are taught various rock skills, including guitar techniques and stage presence."
The Pharm Team,,"A pharmaceutical and medical research laboratory in Springfield, the Pharm Team develops the behavior modification drug Focusyn, which is prescribed to Bart."
The Outlands,,"An unincorporated region beyond Springfield, the Outlands is inhabited by society rejects who value anarchy and freedom from government oversight. The Simpsons initially settled there after being expelled from Springfield, but the community eventually transformed into a replica of their former home as many Springfield residents moved in."
The Picky Vegan,Vegetarian Restaurant,"A vegan fast food restaurant located in the Springfield Mall food court, The Picky Vegan offers plant-based options for diners."
The Perm Bank,Hairdressing,"A hair salon located inside the Springfield Mall, the Perm Bank is where Marge Simpson occasionally gets her hair done. Homer once attempted to cut her hair there, but his efforts only resulted in Marge's anger."
The Lofts at Springfield Elementary,Residential,"A future version of Springfield Elementary has been converted into residential lofts, with Elder Skinner as the landlord. Mooch Bart is one of the residents, living in what was once room 203."
The Little Black Box,Bar,"A small bar located at Springfield International Airport, it is exclusively for pilots and those who have played pilot-themed games on TV. Homer visits after being banned from Moe's and pretends to be a pilot, ultimately being chosen to fly when the airport needs one."
The Needle Exchange,Sewing store,"A sewing store in Springfield, it has the motto ""We mean sewing."" Marge and Sherri and Terri's mother visit to sew, while Lisa arrives late due to a date."
The Leftorium,,"A store in the Springfield Mall, the Leftorium specializes in products for left-handed people and is owned by Ned Flanders. Initially struggling, the store faced competition from larger retailers and eventually went out of business due to the rise of online shopping, leading Flanders to become a fourth-grade teacher at Springfield Elementary."
The Loin King,Fine dining restaurant,"A fine dining restaurant in downtown Springfield, The Loin King features a name that is a pun on The Lion King. Homer once met with the mayor there while he was working as an accountant."
The Lonely Arms,ResidentialApartment building,"An apartment building in Springfield, The Lonely Arms is home to Lenny Leonard. Homer once visited Lenny there while searching for an old ballot box from high school."
The Naval Reserve,Military compound,The headquarters for Springfield's branch of the United States Navy serves as a recruitment center where potential recruits fill out questionnaires to be considered for naval positions.
The League of Extra Horny Gentlemen,Gay Bar,"A gay bar located opposite Moe's Tavern, this establishment is known as the League of Extra Horny Gentlemen. It features prominently in various episodes of The Simpsons and is a nod to the movie The League of Extraordinary Gentlemen."
The Java Server,,"An internet café located in Springfield, the Java Server first appeared in ""Thirty Minutes Over Tokyo."" It was the site of a robbery by Snake, who stole money from Homer's bank account, and is featured in the video game ""The Simpsons: Hit & Run"" where players race to reach it first."
The Kabuli Palow,Restaurant,"An Afghan-themed restaurant in Springfield, The Kabuli Palow is visited by Marge, Bart, and Lisa Simpson when they explore food blogging."
The Jogging Stroller-y,,"A shop located in the promenade at Springfield Heights, the Jogging Stroller-y specializes in selling jogging strollers."
The Horny Toad,Strip club,"A strip club located in Springfield, The Horny Toad is situated near other adult establishments like Nudes at Eleven and Adam & Adam."
The Helter Shelter,Charity,"A shelter for homeless individuals in Springfield, it is run by Ned Flanders and was founded by Father James Helter. Homer once volunteered there, leading to a memorable moment when he served soup at an impressive speed, which was captured in a newspaper photo."
The Happy Earwig Motel,Motel,"A motel in Springfield, the Happy Earwig Motel is where Homer and Marge hire a worker to brainwash Bart into returning home, but the treatment mistakenly affects Hans Moleman instead. It is suggested that this location is one of the many places Mayor Joe Quimby uses for his affairs."
The Happy Gypsy,,"An apartment building in Springfield, The Happy Gypsy was where Mr. Bergstrom lived during his time in the city. Lisa met a young woman here who informed her that Mr. Bergstrom had moved to Capital City."
The Gridiron,Sports Bar,"A sports bar located in downtown Springfield, The Gridiron is situated across the street from P.F. Wang's, a gay bar."
The Great Tire Fire,To Burn Tires,"A prominent attraction in Springfield, the Great Tire Fire is known for its constant smell of burning tires. It serves as a notable landmark in the town."
The Grateful Gelding Stables,Pony farm and stables,"A pony farm and stables located on Route 401, it is owned by Millicent, who offers lessons on riding and grooming. Homer buys Lisa a pony from here for $5,000, with a monthly stable fee of $530."
The Glitz Carlton,Hotel,"A luxury hotel that parodies the Ritz-Carlton, it is featured in the episode ""Top Goon,"" where Fat Tony and the Springfield mafia hold Toot hostage in a backroom."
The Golfin' Dolphin,,A golfing shop is situated in the promenade on the Grove at Springfield Heights.
The Elegant Scoundrel,Sex shop,"A sex shop located in Springfield, The Elegant Scoundrel is where Homer purchases various sex merchandise in an attempt to win back Marge's affection."
The Family Jewels,Jeweler,"A jeweler located inside the Springfield Mall, The Family Jewels is where Homer purchases Marge's wedding ring and Seymour Skinner buys Patty's engagement ring."
The Ancient Mystic Society of No Homers,,"An exclusive club formed by former stonecutters, the Ancient Mystic Society of No Homers is located in an abandoned store. The club prohibits members named Homer, leading to a humorous encounter when Homer Simpson attempts to join."
The Drederick,,A cannabis-based spa founded by Drederick Tatum was destroyed by a fire after Homer mistakenly tried to smoke pot there. The firefighters who responded appeared high due to the spa's cannabis content.
"The Brushes are Coming, The Brushes are Coming",,"A shop located in the Springfield Mall, it specializes in selling brushes and brooms. Mr. Burns and Smithers visited this store while searching for a gift for Homer."
The Cloth Napkin,Restaurant,"A restaurant in Springfield, The Cloth Napkin is where Edna and Moe dined during their dating period. It is notable for a confrontation between Moe and Homer, Lenny, Carl, and Barney, who were upset about Moe closing his tavern."
The Art of Slingshot,Prank store,"A prank store located at the Towne Centre in Springfield, it offers a variety of slingshots and novelty items. Lisa once considered buying a gift for Bart from this store while Christmas shopping."
The Big T Building,,"A large building in Springfield shaped like the letter ""T"" was considered by residents as a potential hiding place for hidden money mentioned by Molloy, but it was ultimately not the location."
Thai Palace,Thai Restaurant,"A Thai restaurant in Springfield, Thai Palace was introduced to Homer Simpson by Trent Steele, who treated the entire Simpson family to dinner there."
Tenderfoot Gorge,Gorge,"A large cliff face located next to Springfield National Forest, Tenderfoot Gorge is where the Simpsons accidentally drove their RV off the edge."
Thai Food Factory,Making Thai Food,"Located in Little Bangkok, the Thai Food Factory was formerly a Petco and is known for its peanut shrimp. Bart and Principal Skinner once battled on a catwalk there, which collapsed, causing them to fall into the vat and trigger their allergies."
Texxon,Gas Station,"A gas station chain located on the edge of Springfield, Texxon features a giveaway event called ""Texxon presents... happy little elves!"" The name is a pun on Texaco and Exxon."
Testoster-Zone,Arcade/Sports Arena,"An arcade and sports arena in downtown Springfield, it features a batting cage and a large arcade filled with prizes. The Squeaky-Voiced Teen works at the ticket counter."
Tetanus Terminal,To produce possums,A facility in Springfield dedicated to producing possums. It is known as Tetanus Terminal.
Teacher Holding Facility,,"A facility exists where suspended teachers must report until their cases are heard by the school board, while still receiving their pay. It is located approximately 500 feet from a school and is described as quite plain, with teachers allowed to leave during certain hours each day."
Tentacle Cannery Place,Cannery,"Located at Springfield Squidport, this cannery presumably processes tentacles for various products. It is featured in the episode ""My Sister, My Sitter."""
Tavern on the Scream,Restaurant,"Located in Itchy & Scratchy Land, this restaurant features a menu with violent-themed food items, such as the ""Brain Burger"" and ""Eyeball Stew."" The unusual names initially disturb Marge, but Bart explains the gimmick, which also includes dishes like ""Baby Guts"" veal."
Temple Beth Springfield,Synagogue,"The local synagogue in Springfield is Temple Beth Springfield, located in the lower east side. Rabbi Hyman Krustofsky, Krusty the Clown's father, served as the rabbi here until his death."
Teenage Pasteland,Hobby shop,"A hobby shop located in downtown Springfield, it is where Lisa and Homer go to buy a telescope. The name is a reference to the song ""Baba O'Riley"" by The Who."
Taylor House,Residential,"The Taylor House is the residence of Allison Taylor and her father, Mr. Taylor. Allison's room is decorated with numerous trophies and awards, which Lisa becomes envious of during her visit."
Spud,,"Spud is a carny and the son of Cooder. During a carnival visit, Homer and Bart get involved with the carnies, leading to chaos that forces the Simpsons to temporarily live in Bart's treehouse before reclaiming their home through a rigged ring toss game."
Tattoos,Tattoo parlor,"A tattoo parlor located on D Street, it is featured in the episode ""Moaning Lisa."""
Stagnant Springs Health Spa,Health Spa,"A health spa located in Springfield, Stagnant Springs Health Spa is known for attracting notable visitors, including Tom Brokaw."
Tatters,,"A clothing store for orphans located in the Springfield Mall, Tatters offers a variety of apparel for children in need. Bart and Milhouse have been seen passing by this store during their visits to the mall."
Starbucks,Coffee Shop,"A popular coffee shop chain, Starbucks has multiple locations within the Springfield Mall. In one instance, Bart Simpson noticed that several shops were being converted into Starbucks, highlighting the chain's rapid expansion."
Squeaky Farms Brand Genuine Animal Milk,Rat Milking,"A rat milking company owned by Fat Tony sold rat milk to Springfield Elementary School under the guise of providing dog milk or better. The operation was shut down after Homer exposed the scheme, leading to Fat Tony's arrest and the release of the milking rats into Springfield."
Stacy Lovell's House,Residential home,"The house is owned by Stacy Lovell, who is known for her connection to the Malibu Stacy doll. Lisa visits her to discuss the doll's significance."
Spuckler Home,Home/Farm,"The Spuckler home is a rural farm belonging to Cletus and Brandine Spuckler, along with their children, located on Rural Route 9. It is situated near the Movementarianism location."
St. Jerome's Catholic School,School,"A Roman Catholic school, St. Jerome's Catholic School is where Bart Simpson attended after being expelled from Springfield Elementary. Father Sean is a staff member, and one of the students is named Kevin."
Cletus Spuckler,,"Cletus Spuckler, also known as Cletus the Slack-Jawed Yokel, is a thin, good-natured redneck who lives on Rural Route 9 in Springfield with his wife Brandine and their children. Their relationship is often portrayed as incestuous, with implications of them being related."
Springsonian Museum,Museum,"A museum in Springfield, the Springsonian houses a variety of exhibits on art, history, culture, and architecture. It features notable displays such as the Egyptian Treasures of Isis exhibit and has been the site of various art and sculpture exhibitions."
Spruce Caboose,Restaurant,"A train that was once considered the most beautiful and expensive ever built, the Spruce Caboose crashed due to its size and was converted into a restaurant. The dining car remains in its original location, serving as a unique dining experience in Springfield."
Springshire,District,"Springshire is a neighborhood in Springfield characterized by its old, colonial British architecture and renaissance-style shops, including the Leaf Garret. It is known for its quaint atmosphere, reminiscent of a bygone era."
Springwarts School of Magicry,School,"A magical version of Springfield Elementary School, Springwarts School of Magicry features students practicing magic. It serves as a parody of Hogwarts from the Harry Potter series."
Springshire Wind Power Plant,,"The Springshire Wind Power Plant is a British counterpart to the Springfield Nuclear Power Plant, owned by Mr. Bumble and his assistant Mr. Smithers."
Springfieldia Human Power Plant,Energy source,"The Springfieldia Human Power Plant is a medieval-style energy source owned by Lord Montgomery, where Homer and others work as manual laborers. The plant operates a power generator that is ultimately revealed to be non-functional, leading to the workers' despair."
SpringShield,,"A community watch and law enforcement agency, SpringShield was established by Homer Simpson, Lenny Leonard, and Carl Carson. It was more effective at fighting crime than the Springfield Police Department, leading to Chief Wiggum's dismissal, but was disbanded shortly after its formation."
Jebediah Springfield IV,,"Jebediah Springfield IV is the great-grandson of Jebediah Springfield, the founder of Springfield. He was in need of a kidney and was on a heart transplant list in the episode ""Homer's Paternity Coot."""
Springfield's State,,"Springfield is located in an unspecified and possibly fictional U.S. state, often humorously suggested to be in any state but yours. The state was founded by circus freaks and is characterized by its diverse geography, including counties like Springfield County and Swartzwelder County, as well as cities such as Capital City and Ogdenville. The state has a mix of agricultural land and industrial areas, with notable landmarks like the Springfield Nuclear Power Plant and a variety of wildlife. The exact location of Springfield remains a running gag in the series, with conflicting hints about its geographical position and neighboring states."
Springfield's Oldest Tree,Tree,"The oldest tree in Springfield was damaged when Homer Simpson used an anchor to stop the monorail, causing it to fall onto the birthplace of Jebediah Springfield."
Springfield's oldest redwood tree,Tree,"The oldest and tallest redwood tree in Springfield was purchased by the Rich Texan for $100,000 at a secret auction. Lisa Simpson climbed the tree to protect it from being cut down, but after a lightning strike damaged it, the Rich Texan planned to build an amusement park called ""Lisa Land"" in her memory, prompting Lisa to protest against the development."
Springfield-X,,"An adult movie theater in Springfield, it shows pornographic films and is open 24 hours. Regular visitors include Krusty the Clown and Chief Wiggum, and the movies often parody real-life titles."
Springfield's Best And Seattle's Worst Coffee,Coffee Shop,"A coffee shop in Springfield, it humorously parodies Seattle's Best Coffee and features a logo reminiscent of Starbucks. The establishment is known for selling coffee to the local community."
Springfield's Fattest Man,,"An extremely obese resident of Springfield, he appeared in an episode of ""Eye on Springfield"" where he met Springfield's oldest man. Homer Simpson remarked that he did not consider him particularly fat."
Springfield Youth Center,Youth Sport Center,"A sports center for children, the Springfield Youth Center offers various youth sports programs, including volleyball and basketball. Lisa attempts to join teams here to improve her gym performance but faces challenges during tryouts."
Season 3,,"The third season of The Simpsons premiered on September 19, 1991, and concluded on August 27, 1992. It featured 24 episodes, including the notable guest appearance of Michael Jackson, who voiced a character in ""Stark Raving Dad."""
Springfield Wetlands,Wetland,"A wetland located in Springfield, it was affected when Mayor Quimby drained a pond, causing the surrounding trees and plants to be swept away."
Springfield Wall of Fame,Commemorate famous people,"The Springfield Wall of Fame features plaques honoring the town's most famous and infamous residents, including cartoon characters and animals. Each plaque displays the individual's image, name, and claim to fame, except for El Barto, who has a question mark instead of an image. Ceremonies are held to unveil new plaques, with the most recent addition being for Vance Connor, a former class president of Springfield High School."
Springfield Women's Prison,Prison,"This facility is a prison for women, where Marge Simpson was sentenced twice: first for shoplifting and later for unsupervised parenting. During her time there, she gained the respect of fellow inmates and found a break from her homemaker life, ultimately escaping during a prison break."
Springfield YMCA,Recreation,"A center for health and fitness, the Springfield YMCA features recreational activities and classes taught by Lugash. Homer once injured his leg during a basketball game here, and Rainier Wolfcastle planned to convert the building into a nature preserve."
Springfield Union Station,Train station,"A train station in Springfield, it has been destroyed and presumably rebuilt. Notable events include Lisa running there to stop Mr. Bergstrom from leaving, and a chaotic incident involving a forgotten bag of plutonium that led to an explosion, damaging the station. Lady Gaga also performed her first concert in Springfield at this location."
Springfield University,University,"A college located in Springfield, Springfield University is an educational institution that features various programs and has a diverse student body."
Springfield Wax Museum,Wax museum,"A public wax museum features wax models of famous people and celebrities in Springfield. Notably, after Lisa becomes Little Miss Springfield, she receives a wax figure of herself, while poor climate control during a heatwave causes many figures to melt."
Springfield Town Square,Square,"At the center of downtown Springfield, the town square features a grassy area with trees and is home to the county courthouse and a statue of Jebediah Springfield. It hosts events like the Springfield Fringe Festival and is surrounded by various businesses, including the Aztec Theater and the Android's Dungeon."
Springfield Toxic Waste Dump,Toxic waste dump,"A toxic waste dump is located in Springfield, visible from the school bus on its way to the Springfield Nuclear Power Plant. It represents one of the few responsible approaches to managing the city's radioactive waste."
Springfield War Memorial Stadium,Sport,"A baseball stadium in Springfield, it serves as the home field for the Springfield Isotopes, a AA minor league team. The stadium hosts unique promotional events like Tomato Day and Dart Day, where fans throw tomatoes and darts at a communist recruiter."
Springfield V2,,"A map of Springfield provides a visual representation of the town and its various locations, including notable spots like the Simpson family home, Moe's Tavern, and the Kwik-E-Mart."
Springfield Travel,Travel Agency,"A travel agency that sells plane tickets, vacation packages, and other tourism-related services. It is owned by Wally Kogen and has been used by various characters, including Moe Szyslak and Homer Simpson, for travel arrangements, often with humorous outcomes."
Springfield Trade Center,Trade; meetings,"A skyscraper in Springfield, the Springfield Trade Center contains financial office space and features the exclusive fine dining establishment, the Millionaires Club, on one of its uppermost floors."
Springfield Tire Yard,Tire Dumping,"A lot where tires are disposed of, the Springfield Tire Yard is infamous for its persistent tire fire, which has become a local landmark and can be smelled in multiple states. The fire was accidentally started by Krusty the Clown and has been extinguished and re-ignited several times throughout the series."
Springfield Town Hall,Town meetings,"Located at 2001 Windsor Avenue, Springfield Town Hall is where town meetings are held to discuss local issues, including taxes and community improvements. It is also the site where the Simpsons were voted out of Springfield in the episode ""At Long Last Leave."""
Springfield Tide Pools,Natural landmark,"A natural landmark near Springfield, the Tide Pools are a rich ecosystem that Bart's class visited during a school trip. The visit turned dangerous when high tide arrived, leading to a dramatic rescue by Nelson."
Springfield Subway System,Transportation,"An abandoned underground railway network runs beneath Springfield, with functional trains that are no longer in use due to damage caused to buildings by tremors. The subway passes under Springfield Elementary School, which suffered structural damage when Bart and Milhouse operated one of the trains."
Springfield Telephone Directory,,"The Springfield Telephone Directory serves as the standard phone directory for the city, allowing residents like Bart to contact various people and places. It has appeared in multiple episodes of the series."
Springfield Theater District,Broadway-style performances,"A district in Springfield hosts Broadway-style performances, including movies and plays. The Simpsons attended an Itchy and Scratchy musical titled ""Stab-a-Lot"" there."
Springfield State Prison,Prison,Springfield State Prison is an active correctional facility in Springfield. It has housed notable inmates such as Sideshow Bob and Snake Jailbird.
Springfield Tar Pits,Tar pits[1],"A natural landmark in Springfield, the tar pits are located near the Springfield Natural History Museum and consist of malodorous, gas-emitting tar. Visitors could enjoy a free bucket of tar with admission, although certain professions were excluded from this offer. The tar pits were recognized as a top picnic site before Mayor Joe Quimby had them drained to make way for a new highway."
Springfield Subatomic Supercollider,Subatomic Supercollider,"A subatomic supercollider was built in Springfield instead of a new baseball stadium, thanks to Lisa's lobbying. It is known for having created a black hole."
Springfield Symphony Hall,Musical,Springfield Symphony Hall is a venue for musical performances that was mentioned as being destroyed by Kent Brockman.
Springfield Streetcar System,,"The Springfield Streetcar System is a trolley system that runs along the Springfield waterfront, utilizing single-unit streetcars that resemble those from the American Historical Presidents Conference Committee."
Springfield Station,Train station,"A train station in Springfield, it serves as a departure point for destinations like Rancho Relaxo."
Springfield Squidport,,"A district and waterfront area in Springfield, Squidport serves as the city's main harbor and features a food court with a variety of cuisines, albeit mostly all-purpose meat. It is located near Barney's Bowlarama and the Aztec Theater, and includes attractions like Moe's Tavern, Duff Brewery, and Mr. Burns' casino."
Springfield Stadium,Sport,"One of Springfield's football stadiums, it is also used for concerts. The stadium has appeared in several episodes of The Simpsons."
Springfield Stamp Museum,Museum,"A museum dedicated to stamps is located in Springfield, next door to Lenny's house."
Springfield Skating Rink,Skating rink,"A skating rink in Springfield, it is occasionally used for pee-wee hockey games and was heavily damaged during a riot caused by a tie in one of these matches."
Springfield Sign,Landmark,"A large sign on a hill overlooks Springfield, built by nuns and featuring the largest ring in the town. The sign can be rearranged to say either ""Lisa is the jewel"" or ""Maggie is the jewel,"" and it was partially damaged when the Cargill Dome collapsed on it."
The Springfield Shopper,,"The Springfield Shopper is the most popular local newspaper in Springfield, founded in 1883 by Johnny Newspaperseed. It covers a wide range of topics, including local and world news, sports, and lifestyle, often featuring sensational headlines and tabloid-style content."
Springfield Sports Arena,Sports arena,"A sports arena in Springfield hosted the mixed martial arts Ultimate Punch, Kick and Choke Championship. Marge intervened to stop the event, challenging the championship's president, Chet Englebrick, to a match in the septagon, where she ultimately triumphed."
Springfield Speedway,Speedway,"A racetrack located in Springfield's bird sanctuary, the Springfield Speedway has hosted events such as monster truck rallies. Notably, Maude Flanders was killed there when a t-shirt cannon knocked her off a grandstand."
Springfield Recreation Center,Recreation center,"A recreation center in Springfield, it features various classes such as kung-fu and art. Homer once took Bart and Lisa there, where Bart attended a kung-fu class taught by Comic Book Guy, and Lisa participated in an art class that ended with her and another student being asked to leave by their teacher."
Springfield Savings,Financial assistance office,"A financial assistance office located in Springfield, Springfield Savings is situated near Slot Car Heaven."
Springfield Retirement Castle,Nursing Home,"Located at 2001 Creaking Oak Drive, this nursing home serves as Springfield's retirement facility for the elderly. Notable residents have included Abraham ""Grampa"" Simpson and Jasper Beardly, and the home is known for its strict rules and indifferent staff."
Springfield Public Library,Library,"A small, one-story library in Springfield, it is frequented by Lisa Simpson, who is well-known by the staff and regular visitors. The library has faced issues with bats nesting in its card catalog cabinet."
Springfield Prison Bus,Transporting prisoners,"A vehicle used to transport prisoners to and from Springfield State Prison, the Springfield Prison Bus was temporarily driven by Otto Mann to pick up students from Springfield Elementary when the school bus broke down, further depressing Bart Simpson about attending school."
Springfield School for the Deaf,School for the hearing impaired,"A school for the hearing impaired is located in Springfield, where Grampa once played music so loudly that a deaf student shouted at him to turn it down."
Springfield River,Natural resource,"A body of water in Springfield, the Springfield River is less popular than Lake Springfield, possibly due to its inconvenient location surrounded by thick forests. It was the site of an attempted emergency baptism by Ned Flanders for Bart, Lisa, and Maggie Simpson, which was interrupted by Homer and Marge."
Springfield Public Pool,Public pool,"The public pool in Springfield is a recreational facility where families can swim and relax. It has been featured in various episodes, highlighting moments such as Marge advising Lisa on how to handle a situation involving Maggie."
Springfield Playhouse,Theater,"A theater in Springfield, the Springfield Playhouse has hosted various performances, including Duffman portraying Mark Twain and auditions for a passion play. Notable events include Homer landing the role of Jesus Christ, while Milhouse failed his audition."
Springfield Police Station,Law enforcement,"The Springfield Police Station serves as the headquarters for the Springfield Police Department, featuring several prison cells, a front desk, a small museum of crime, and the chief's office. It is located near Barney's apartment and across the street from a travel agency and a newsstand."
Springfield Primate Institute,debate over primates,"A building in Springfield, the Springfield Primate Institute is where scientists, including Marvin Monroe and Fraumaker, debate the classification of Bigfoot as either a low-rate human or a brilliant beast."
Springfield Preparatory School,Private school,"A private school in Springfield, Springfield Preparatory School is known for its higher academic standards compared to Springfield Elementary. The headmaster is St. John Van Hookstratten, and notable students include Greta Wolfcastle and Brittany Brockman."
Springfield Press Club,Club,"A club for journalists and reporters, the Springfield Press Club is frequented by members like Chloe Talbot and Kent Brockman. Lisa once dined there with Chloe Talbot."
Springfield Police Academy,Police academy,"A police academy located in Springfield, it is where Clancy Wiggum trained to become a police officer. The academy is known for its unconventional training methods, including an incident where Wiggum accidentally shot a cameraman during a shooting test."
Springfield Plasma Center,Blood bank,"A blood bank where residents can donate plasma, the Springfield Plasma Center is notable for an incident involving Bart and Santa's Little Helper, where Bart fainted after donating blood. He was later rescued by two men who took him and his dog to eat."
Springfield Place,Apartments,"An apartment complex in Springfield, it is home to many young residents, including Homer and Marge Simpson, who lived there after graduating from Springfield High School. Other notable former residents include Kirk and Luann Van Houten, Selma Bouvier, Moe Szyslak, and Disco Stu."
Springfield Pet Shop,Pet shop,"A pet shop in Springfield, it is known for its motto, ""All our pets are flushable."" The Simpson family once took Santa's Little Helper there, where the owner claimed to use psychic powers to determine the dog's needs."
Springfield Planetarium,Planetarium,"A theater in Springfield, the planetarium is often frequented by Professor Frink. It serves as a location where Bart and the Superfriends sought information about a comet heading for the town."
Springfield Pet Cemetery,Pet cemetery,"A pet cemetery in Springfield where residents bury their deceased pets, it is located next to the Springfield Cemetery. Lisa Simpson buried her cat, Snowball I, there."
Springfield Park,natural grounds,"A duckpond-filled park popular with senior citizens, Springfield Park is a natural area that has appeared in several episodes of The Simpsons. It is distinct from Springfield National Park."
Springfield Opera House,Hosting operas,"An opera house in Springfield, it is owned by Mr. Burns and features performances by Boris Csupowski. The building closely resembles the Sydney Opera House."
Springfield Palace of Fine Arts,Art Museum,"An art museum in Springfield, it is home to Marge Simpson's nude painting of Mr. Burns and once housed Michelangelo's David."
Springfield Palace Hotel,Hotel,"A hotel located in downtown Springfield, the Springfield Palace Hotel offers amenities such as free food, a swimming pool, and HBO. Homer once stayed there while jurors were sequestered during a trial, and he infamously took several items from his room as souvenirs."
Springfield Orphanage,Orphanage,"An orphanage in Springfield, it is staffed by Lindsey Naegle and has been depicted as destitute, often suffering from neglect due to the nearby Springfield Nuclear Power Plant. Notable events include Selma's consideration of adoption and the story of an orphan named Charlie, who briefly became Bart's younger brother before being returned."
Springfield Performing Arts Center,Theater,"A theater in Springfield, the Springfield Performing Arts Center hosted Krusty the Clown's performance as Franklin D. Roosevelt in the play ""Sunrise at Campobello,"" where he humorously forgot his character's disability."
Springfield Office of Unemployment,Office for unemployed people,"A public facility, the Springfield Office of Unemployment manages benefits and services for the unemployed. Marge Simpson received unemployment payments there after losing her job at a real estate agency."
Springfield Observatory,Observatory,"The Springfield Observatory gained notoriety when it detected a comet named after Bart, which threatened the town. After the crisis was averted, the townspeople, led by Moe, attempted to destroy the observatory, but it later came under the care of Professor Frink, who feared losing it to other scientists."
Springfield Oatmeal Works,Factory,"A factory in Springfield that produces oatmeal, it became notable when Homer Simpson flooded the town, causing the building to overflow with oatmeal."
Springfield Nuclear Power Plant,Energy and Power Source,"The Springfield Nuclear Power Plant is a two-unit pressurized water reactor facility owned by Charles Montgomery Burns, serving as the main power source for Springfield. Homer Simpson works in Sector 7G of the plant."
Springfield National Forest,"Wildlife refuge, camping","A wildlife refuge and camping area, Springfield National Forest features a waterfall and a cave inhabited by bears. It was once threatened by logging but was saved after a corrupt congressman was arrested, and it has been a site for various adventures involving the Simpson family."
Springfield Nutrition Center,Shop,"A retail shop located inside the Springfield Mall, the Springfield Nutrition Center sells various health and nutrition products, including dietary and fitness supplements. One notable item is a massive weight gain powder, which the clerk admits does not actually work."
Springfield National Park,National park,"A national park located in Springfield, it features forests, mountains, and a lake with a small island. Pumas inhabit the area, and Bart and Lisa once visited, where they encountered Martin while he was excavating for arrowheads."
Springfield Mountains,Mountains,The Springfield Mountains are a range of mountains located near the city of Springfield. They serve as a backdrop for various outdoor activities and adventures.
Springfield Museum of Natural History,Historical,"The Springfield Museum of Natural History is the city's second museum of natural history, built after the original burned down. It features various exhibits, including dinosaur bones, marine life, and Egyptian artifacts, and has interactive displays like a plasma globe and a large telescope."
Springfield Nature Preserve,Natural preserve,"A natural preserve located in Springfield, it serves as a habitat for various wildlife and offers a serene environment for visitors."
Springfield Monument Park,Monument park,"A reserve of desert land used for rock climbing, this park is where Homer Simpson fulfilled his deceased mother's last wish by scattering her ashes at the peak. The location is also secretly used by Mr. Burns to manufacture missiles filled with nuclear waste."
Springfield Memorial Stadium,Baseball Games,"Springfield Memorial Stadium is the home of the Springfield Isotopes, a fictional baseball team featured in the Simpsons comics. It serves as an alternative venue for the team, distinct from the more commonly seen Duff Stadium."
Springfield Maximum Security Prison,Prison,"A maximum security prison located in Springfield, it has housed notorious inmates like Sideshow Bob and Snake Jailbird. Sideshow Bob once agreed to be a test subject in exchange for a reduced sentence, which led to his transformation and subsequent escape."
Springfield Martial Arts Academy,Academy,"A karate dojo located at the Springfield Mall, it is run by Akira. Bart joins the classes but skips them, leading to his defeat when he tries to protect Lisa from bullies."
Springfield Mall,Shops and restaurants,"The local mall in Springfield features hundreds of shops, restaurants, and services, with Mr. Costington as its CEO. Notable stores include the Leftorium and Lionel Hutz's law office, but the mall has fallen into disrepair, with many stores closed and its interior now serving as a shelter for the homeless."
Springfield Marathon,,"An annual marathon takes place in Springfield, inviting both residents and international visitors to participate for charity. The event commemorates town founder Jebediah Springfield's legendary run across six states to evade creditors, and notable moments include Bart winning by cheating while disguised as an Italian."
Springfield Lemon Tree,Landmark,"A historic landmark in Springfield, the lemon tree was planted over 100 years ago and is associated with the town's founding. It was once stolen by kids from Shelbyville but was returned after a daring rescue led by Bart Simpson. Tourists are not allowed to pick fruit from the tree, as all fruits in Springfield emit a barely audible radioactive hum."
Springfield Magazine,,"A local publication, Springfield Magazine covers current events in the town, including community activities like a historic manuscript open house and an azalea festival. Edna Krabappel and Marge Simpson are known to read this magazine."
Springfield Magnet School,School,"A school for gifted and troublesome students, Springfield Magnet School is where Lisa Simpson was sent to stop a student strike. It features a large library and is known for its diverse student body, including a handsome French boy Lisa met there."
Springfield Juvenile Correctional Facility,Correctional Facility,"A young offenders prison, the Springfield Juvenile Correctional Facility is likely operated by the Springfield police. Bart Simpson was incarcerated there after faking a wedding, and Homer Simpson worked as a security guard to protect him. The facility hosted a dance where inmates were handcuffed together, during which Bart and Gina Vendetti escaped."
Springfield Knowledgeum,Museum,"A highly interactive museum in Springfield features unusual exhibits such as a giant book, a Mars section used as a skate park, a DNA-shaped slide, and an earthquake simulator. The museum also includes a sex education pavilion with an arcade game, and Professor Frink demonstrates a computer-themed exhibit that malfunctions after being tampered with."
Springfield Mafia,,"An Italian-American organized crime syndicate operates in Springfield, known as the Springfield Mafia or Springfield Mob. The group is involved in various illegal activities and has notable members, including Fat Tony."
Springfield Lumber,Industrial,"A lumber shop located on the outskirts of Springfield, Springfield Lumber is seen when Bart and Homer pass by in ""Old Yeller-Belly."""
Springfield Lawyer-House,,"This location resembles a fire station and is home to various lawyers, including the blue-haired lawyer. It was involved in the Movementarian cult's attempt to recruit Homer Simpson."
Springfield Jewelers,,"A jewelry shop located in downtown Springfield, it was once robbed by Waylon Smithers, who accidentally caused a diamond to become lodged in Maggie Simpson's mouth. This incident led to Smithers attempting to abduct Maggie for the jewel."
Springfield Isotots,,"A children's baseball team in Springfield, the Isotots was once managed by Ned Flanders before Lisa Simpson took over. Using sabermetrics to strategize, the team initially won every match, but Bart's rebellion against her strict tactics ultimately led to a more enjoyable game for the players."
Springfield International Airport,Transportation,"The primary airport serving Springfield features frequent direct flights to major international destinations, despite the city's small size. It is home to airlines such as Air Springfield and Crazy Clown Airlines, and includes amenities like a private bar for pilots and a lounge at gate 45."
Springfield High School,School,"Springfield's main public high school is where Homer Simpson and Marge Bouvier first met. The school's mascot is the Springfield High Jebediahs, and its facade is inspired by Grant High School in Portland, Oregon."
Springfield Hunting Supplies,Hunting supplies store,"A hunting supplies store located inside the Springfield Mall, it is frequented by Homer Simpson, Barney Gumble, and Moe Szyslak. The store offers various hunting gear and was featured in the mobile game ""The Simpsons: Tapped Out."""
Springfield Isotopes,,"The Springfield Isotopes are the town's only minor league baseball team, known for their financial struggles and a record 26-game losing streak. The team has been owned by various entities, including the mafia and the Duff Corporation, and plays its home games at a stadium referred to as Springfield Stadium, Duff Stadium, or Isotope Stadium. Homer Simpson briefly served as the team's mascot, and there have been plans to relocate the team to Albuquerque, which were ultimately thwarted by Homer's activism."
Springfield Hobby Shop,Hobby shop,"A shop in Springfield that sells various craft supplies for hobbies. In the episode ""MoneyBart,"" Bart encounters an employee trying to sell him a model ship, but he declines."
Springfield Heights,,"A wealthy district in Springfield, Springfield Heights is home to Burns Manor, a shopping promenade, and the Springfield Heights Institute of Technology. Notable residents include Charles Montgomery Burns, Rainier Wolfcastle, and Krusty the Clown."
Springfield Historical Society,Museum,"A museum dedicated to Springfield's history, it features exhibits on the town's founder, Jebediah Springfield, including his bagpipe, chamber pot, and prosthetic silver tongue. The curator of the museum is Hollis Hurlbut."
Springfield Hardware,,"A hardware store located near the Simpsons' house, it is where Bart purchases paint cans for his graffiti. The store is also featured when Homer tries to retrieve a letter from a mailbox next to it and during a price gouging incident related to the production of the Radioactive Man movie."
Springfield Heights Theater,Movie theater,"A movie theater located in Springfield Heights, it serves as a venue for various films."
Springfield Heights Institute of Technology,,"A learning institution in Springfield, the Springfield Heights Institute of Technology (S.H.I.T.) is where Apu earned his PhD before working at the Kwik-E-Mart to pay off his student debt. Lisa once took Bender there to meet Professor Frink during a time travel adventure."
Springfield Heights Promenade,Mall,"A mall located in Springfield Heights, it features several upscale stores popular with the wealthy elite of Springfield, including Abercrombie Rich and Victor's Secret."
Springfield Glen Country Club,Country club,"A country club for Springfield's upper class, it features a front gate that promotes itself as the proud home of the ""tippling gadabout."" Groundskeeper Willie works there as the greenskeeper on weekends and during the summer."
Springfield Hall of Records,Hall of records,"The Springfield Hall of Records stores all of the town's official records, including election results. It was notably blown away in 1978."
Springfield General Hospital,Hospital,"The main hospital in Springfield, also known as Marvin Monroe Memorial Hospital, is staffed by Dr. Hibbert and Dr. Nick Riviera. It features a children's ward for injuries related to imitating TV shows and a Homer Simpson ward, named after a donation made by Homer, although it was actually funded by Mr. Burns."
Springfield Grocers,Grocery Store,"A grocery store located near Moe's Tavern, Springfield Grocers serves the local community."
Springfield Gorge,Natural tourist attraction,"A natural tourist attraction, Springfield Gorge is known as the third most beautiful gorge in the state. It has been the site of various daredevil stunts, including Bart's skateboard jump and Homer's motorcycle leap, both of which highlight the dangers of such activities."
Springfield Gas Company,Gas monitoring,"The city utility provides natural gas service to residential and commercial customers in Springfield, operating a network of pipelines, meters, and stations. A notable incident involved a worker repairing a gas line leak at the Simpson residence, which cost the family $900."
Springfield Googolplex Theatres,Movies,"A multiplex movie theater located in downtown Springfield, it features at least 28 screens and has plans for future expansion. The Springfield Googolplex showcases a variety of films, including popular titles and parodies."
Springfield Glacier,,"A rapidly melting glacier near Springfield has significantly diminished, now resembling a lake. During a school trip, Lisa attributes the melting to global warming, while a park ranger disputes this claim."
Springfield Fire Department,Fire Station,"The Springfield Fire Department is the town's fire station, where firefighters respond to emergencies and operate firefighting equipment. Notable employees have included Homer Simpson, Apu Nahasapeemapetilon, and Seymour Skinner, and the department is equipped with a standard fire engine and a ladder truck."
Springfield Funeral Home,Funeral parlor,"A funeral parlor in Springfield, it hosted Mona Simpson's funeral, attended by Homer, Grampa, and a few friends. The Springfield Funeral Home was also the site where Sideshow Bob's coffin was sent after he faked his death, and it features the Garden of Talking Statues."
Springfield Folk Art Museum,Folk art museum,"A folk art museum is located in Springfield, where Lisa once visited with her friend Juliet Hobbes to explore special exhibits."
Springfield Forest,"Wildlife refuge, camping, nature reserve","A wildlife refuge and nature reserve, Springfield Forest was created by Theodore Roosevelt. It is notable for being the childhood home of Homer Simpson and his family, and it has been the site of various adventures, including a search for lost spectacles and a family reunion over a box of recipes."
Springfield Gas,Gas station,"A gas station located across from Edna's Edibles, Springfield Gas is where Bart once wished for a flame vision and accidentally burned a gas pump."
Springfield Farmers Market,Selling of crops,"An outdoor market in Springfield, it primarily sells crops and was established after a significant influx of hipsters from Portland. The market replaced the Springfield Tire Yard at the same location."
Springfield Four Seasons,Luxury Hotel,"A luxury hotel in Springfield, the Four Seasons is where Selma and Fat Tony got married."
Springfield Estadio de Toros (initially the Duff Beer Krusty Burger Buzz Cola Costington's Department Store Kwik-E-Mart Stupid Flanders Park),Sports stadium,"A sports stadium designed by Homer Simpson, it was originally built for the Springfield Meltdowns football team. After the team was canceled, it was repurposed for bullfighting and renamed Springfield Estadio de Toros, owned by Montgomery Burns."
Springfield Fairgrounds,Holding events,"The Springfield Fairgrounds host various events and festivities, including the Hullabalooza music festival, where Homer once participated."
Springfield Excitement,,"Springfield's only professional basketball team, formerly known as the Austin Celtics and Springfield Celtics, is called the Springfield Excitement. Owned by Montgomery Burns, the team plays at the Burns Arena, which was once invaded by bees after the roof was opened, turning it into a massive beehive."
Springfield Extension School,School,"The Springfield Extension School is where Homer Simpson attended a class to learn how to satisfy Marge, which ultimately led him to become the boss at the Springfield Nuclear Power Plant. He initially took a lesson on how to strip for his wife, taught by Julius Hibbert, but ended up in a successmanship class led by Stark Richdale."
Springfield Elementary School and Prison,School  Prison,"The former Springfield Elementary School was converted into a prison, with classrooms featuring prison cells to help manage troublesome students. Principal Skinner and Edna Krabappel rented out cloakrooms to the Springfield prison, and notable inmate Snake Jailbird had a cell located behind Bart's desk."
Springfield Episcopal Church,Place of Worship,"An Episcopal Christian church is located in Springfield, situated across the street from the First Church of Springfield."
Springfield Empororia Mall,Shopping,"A mall owned by Richard Texan was built around the Simpson family's house, which they discovered when they woke up to find it encased within the mall. The mall was later transferred to Lenny Leonard after it was revealed to be constructed on Woopakanomie Native American land, and Lenny ultimately destroyed it to create a casino."
Springfield Dry Cleaners,,"A dry cleaning business located in downtown Springfield, it is staffed by Raphael and offers chemical cleaning services for clothes. Comic Book Guy has been seen getting his clothes dry-cleaned here."
Springfield Drive-In,Drive-in theater,"A drive-in movie theater located in Springfield, it is visible from the rooftop garden of the Kwik-E-Mart. The Springfield Drive-In has been the setting for various events, including a date between Abe and Zelda, and a marriage proposal by Troy McClure to Selma Bouvier during a screening of his film."
Springfield Dragway,Car Racing,"A facility for drag racing, Springfield Dragway hosted an event where Mr. Burns invited employees of the Springfield Nuclear Power Plant to watch a race. He ordered the cars to race slowly for better comprehension, and Waylon Smithers, Jr. briefly worked as an announcer there."
Springfield Dump,Dump,"Springfield's main landfill site is known as the Springfield Dump. It has been the location where Homer and Bart illegally supplied the town with beer during Prohibition and where they discovered the Mr. Sparkle box. After losing his shack, Groundskeeper Willie lived in the dump and once attempted to harm Bart in a fit of rage."
Springfield Elementary School,Education,"An elementary school attended by Bart, Lisa, and other Springfield children, it is managed by Principal Seymour Skinner and overseen by Superintendent Gary Chalmers. The school's mascot is a purple puma, and its address is 19 Plympton Street."
Springfield Dry Cleaner,Dry cleaner,A dry cleaner is located across the street from the Android's Dungeon in Springfield.
Springfield Downs,Dog & Horse Racing,"A popular gambling destination, Springfield Downs is a dog and horse racing track where Homer and Bart once bet on a dog named Santa's Little Helper, who later became a member of the Simpson family. The track features a mechanized rabbit named Swifty and offers low-stakes wagering options for patrons."
Springfield Dam,Electricity,"A hydroelectric dam located in Springfield, it was constructed by Cecil Terwilliger, who embezzled funds and attempted to destroy it with Bart and Lisa trapped inside. Although the dam was later deemed too weak and destroyed, a giant wave from the incident caused no damage."
Springfield Donuts,Shop,"A donut shop in Springfield, Springfield Donuts was notably affected by a city riot."
Springfield Dinner Theater,Dinner theater,"A live entertainment venue, the Springfield Dinner Theater offers meals alongside stage plays, musicals, and cabaret shows. Notable events include an assassination attempt on Mayor Quimby during a production of ""Guys and Dolls"" and a negative review from Homer while he was a food critic for the Springfield Shopper."
Springfield Dog Park,Dog Park,"A dog park located in Springfield, it provides a space for residents to bring their dogs to play and socialize."
Springfield Dam (Simpsons Road Rage),DamDistrict,"The Springfield Dam is a large dam located near the city, often referenced in various episodes. It plays a significant role in the local environment and is a notable landmark in Springfield."
Springfield Cryogenic Facility,Cryogenic freezing,"A cryogenic freezing facility is located in Springfield, where Abe Simpson was placed due to an incurable illness before 2041. The entrance is disguised as a gravestone, and the facility utilizes advanced technology to preserve individuals, including notable residents like Agnes Skinner and Gil Gunderson."
Springfield Dog Pound,Pet shop,"A facility that sells dogs as pets, the Springfield Dog Pound is where Santa's Little Helper was taken after running away from home before being adopted by Mr. Burns."
Springfield Creative Arts Academy,Education,"A visual and performing arts elementary school, this academy is located near Springfield Elementary School and is visible from Principal Skinner's office. The building is made of modeling clay and is reshaped daily, suggesting it is a private institution."
Springfield County Court House,Court House,"The Springfield County Court House serves as the main building for local judicial matters and the seat of government for Springfield County. It features the motto ""Liberty and Justice for Most"" inscribed at its grand entrance, located next to the public square with the statue of Jebediah Springfield."
Springfield Convention Center,Convention center,"A major events venue in Springfield, the Convention Center hosts large conventions, trade shows, and conferences. It was officially opened by Mayor Joe Quimby and has been the site of various events, including a notable fire during a science fiction convention."
Springfield Cosmetic Surgery Clinic,Cosmetic surgery clinic,"A cosmetic surgery clinic in Springfield, it was formerly the Springfield Children's Hospital before being repurposed by Mayor Joe Quimby. The clinic is known for its controversial focus on cosmetic procedures rather than traditional medical care."
Springfield County Fair,Fair,"The Springfield County Fair is an annual event where various competitions take place, including a place setting competition and a 4-H cow contest. Notably, Homer once participated as a judge and, while disguised as the superhero Pie Man, humiliated the Rich Texan for ruining Lisa's entry, while Bart's cow Lou won a blue ribbon but faced the grim fate of being slaughtered."
Springfield Costume Shop,Costume shop,"A costume shop in Springfield, it is where Homer and Larry Burns hid after a kidnapping incident. The shop features various costumes and has been seen in multiple episodes of the series."
Springfield Concert Hall,Concert hall,"A concert hall designed by Frank Gehry was built in Springfield after Marge requested it in a letter. Due to a lack of interest in classical music, it was eventually converted into the Montgomery Burns State Prison."
Springfield Community College,Community college,"A community college located in Springfield, it offers various courses and has been attended by several characters, including Marge, Apu, and Principal Skinner. The college is known for its slogan, ""where old dogs learn new tricks."""
Springfield Coliseum,Arena,"A large indoor arena in Springfield, the Coliseum hosts concerts and various events for thousands of attendees. Advertisements for local brands such as Duff Beer, Buzz Cola, and Krusty Burger can be seen around the venue."
Springfield Community Center,Community center,"A community facility in Springfield, it features a stage and seating for various recreational, arts, and civic events. The Springfield Community Center has been the site of numerous significant events in the town, including auditions for plays and civic gatherings."
Springfield Community Theater,Theater,"A theater in Springfield, it is where Bart auditioned for a summer stock play and famously shouted ""sit on it, Springfield"" during a performance of Grease 2, earning applause from the audience."
Springfield Airways,Airline,"A commercial airline, Springfield Airways operates out of Springfield Airport and offers flights to cities including Los Angeles, Las Vegas, New York, Houston, and Chicago."
Springfield Amphitheater,Arena,"A live entertainment venue in Springfield, the amphitheater hosts various events, including comedy festivals and performances by magicians like Penn and Teller."
Springfield Animal Hospital,Animal hospital,"Springfield's main pet-treating facility is the Animal Hospital, where pets receive medical care. The Simpsons have taken their dog, Santa's Little Helper, there for treatment on multiple occasions."
Springfield accents,,"Springfield features a diverse range of accents among its residents, including a general American accent commonly spoken by children and many adults. Some characters, like Homer Simpson, exhibit traits of northern and western U.S. accents, while others, such as Marge Simpson and Barney Gumble, display New York metropolitan accents. Additionally, characters like Ned Flanders show traces of a southern accent, and Mayor Joe Quimby has a non-rhotic Boston accent. This variety may reflect the town's socioeconomic diversity and its status as a linguistic melting pot."
Springfield A&M,Education facility,"One of Springfield's universities, Springfield A&M is known for its rivalry with Springfield University and is often referred to as a ""cow college."" Its mascot is a pig named Sir Oinks-a-Lot, and the school hosts an annual football game against Springfield University."
Springfield Clamphitheater,Theater,"A theater in Springfield, the Clamphitheater hosted a performance by Cheech and Chong, where Homer stepped in for Chong after he walked out."
Springfield Airport Motor Lodge,,"A hotel located next to Springfield Airport, the Springfield Airport Motor Lodge is notable for its proximity to the runway, where landing planes can hit the hotel sign. It features amenities like free HBO and has hosted events such as a seminar on love secrets attended by Moe."
Springfield,,"A small city in Springfield County, Springfield is home to the Simpson family and has a population of approximately 60,000. The city features a nuclear power plant, several elementary schools, a minor league baseball stadium, and various districts including Little Italy and Chinatown, while also being known for its rivalry with neighboring Shelbyville."
Spinster City Apartments,Residential,"An apartment building in Springfield, Spinster City Apartments is home to Marge Simpson's twin sisters, Patty and Selma, along with Selma's adopted daughter, Ling Bouvier, and her iguana, Jub-Jub. The building has caught fire three times due to Patty and Selma's smoking habits."
Springfield Airfield,Airfield,"An airfield in Springfield where airplanes take off, it is the site from which Homer Simpson, Mr. Burns, and Waylon Smithers stole a plane to flee to Cuba while evading the FBI. It serves as a smaller alternative to Springfield International Airport."
Sportacus,Sports equipment store,"A sporting goods store in Springfield, Sportacus is where Marge took Bart and Milhouse when they joined the Springfield Pee Wee football team."
Spirograph Factory,Spirograph factory,"A spirograph factory in Springfield is run by a man referred to as Mr. S by Bart. It appears as a background building in the ""Shadow of the Colossal Donut"" level of The Simpsons Game."
Spellympic Village,Stadium,"A venue for the Spellympic Games, it features the Spellympic Stadium where various competitions take place. Lisa competes here in the episode ""I'm Spelling as Fast as I Can."""
Southpaw Superstore,Shop,"A store selling left-handed merchandise, Southpaw Superstore is located at Towne Centre in Springfield. Its success led Ned Flanders to close the Leftorium and open a smaller kiosk called Leftorium Express."
Southern Cracker,Cracker factory,"A cracker factory in Springfield, Southern Cracker was once the leading cracker brand in town, owned by Luann Van Houten's father. After managerial duties were passed to Luann's husband, Kirk, the brand's popularity declined significantly, leading to his eventual firing following their divorce."
The Spaghetti Laboratory,Restaurant,"A quirky restaurant known as the Spaghetti Laboratory, or ""Spaglab,"" serves unusual Italian dishes inspired by science fiction, such as Pene from Planet X and Manicottimal. It is a remnant of the 1980s fun-restaurant trend."
Sox,,"A sock store located in Springfield Mall, Sox appears briefly in the episode ""Simpson and Delilah."" Its name is a parody of the Fox broadcasting network, which airs The Simpsons."
South Street Squidport,Pedestrian mall,"A renovated pedestrian mall located on the waterfront, South Street Squidport was once the site of a squid-gutting industry. It has been transformed into an upscale shopping promenade featuring various businesses, including the Itchy & Scratchy Store and the Karachi Hibachi."
Snuggler's Cove,Bed and breakfast,"A bed and breakfast where Homer and Marge stayed to rekindle their romance after their 11th anniversary. Snuggler's Cove features charming accommodations, including rooms with elegant decor."
Social Security Office,,This office handles government benefits for groups like the elderly and disabled. Abe Simpson and Jasper Beardly sought assistance from the Social Security Office due to their age.
Snowball II Municipal Cat Park,Cat Park,"A cat park in Springfield, it was formerly known as the Springfield Dog Park before being renamed by Mayor Quimby after Snowball II saved Homer. The park is exclusively for cats and is sponsored by Buzz Cola with lemon."
Smooches On The Beach,Resort,"A resort located in West Springfield, Smooches On The Beach offers a getaway destination for relaxation and leisure."
Snacks,Shop,"A shop located within Springfield International Airport, Snacks offers a variety of snack foods for travelers."
Snooze at 11,Mattress store,"A mattress store located near the Android's Dungeon, Snooze at 11 offers a variety of bedding options for customers in Springfield."
Smoke Factory,Factory,"A smoke factory in Springfield contributes to pollution, with smoke from it, along with the steel mill and a day-care center, causing acid rain to fall over the town."
Snooty Smoothies,Smoothie parlor,"A smoothie parlor in Springfield, Snooty Smoothies is known for its upscale atmosphere. Helen Lovejoy has been seen leaving the establishment, where she encounters Marge, Bart, and Lisa."
Slide Factory,Fun center,"The Slide Factory is a fun center in Springfield where schools typically take field trips, except for Springfield Elementary, which Principal Skinner chose to send to the Springfield Box Factory instead. Buses from Shelbyville Elementary and Spittle County Elementary were seen nearby."
Slaughter House,Slaughter house,A slaughterhouse in Springfield processes cows into meat products using automated machinery. It is located on Rural Route 9 next to Abattoir Costello LLC.
Slot Car Heaven,Slot car games and racing,"A business where customers can control and race model slot cars, popular among characters like Otto and Comic Book Guy."
Sleep-Eazy Motel,Lodging,"A rundown motel in Springfield, the Sleep-Eazy Motel features deteriorating facilities and coin-operated amenities in the rooms, including the television and vibrating beds. It has a reputation for unsavory activities, with a history of strange occurrences, such as a body floating in the pool and surveillance cameras in the rooms."
Sleazy Sam's Payday Loans,Money loaning office,"A money loaning office chain in Springfield, Sleazy Sam's Payday Loans has 50 locations throughout the town. The establishment is known for its questionable practices, highlighted by an incident where Homer, dressed as Jesus, promoted the opening of the 50th building and was struck by lightning."
The Slaughterhouse,Restaurant,"A barn-themed steakhouse in Springfield, the Slaughterhouse features an interior decorated with hanging steer carcasses and a blood fountain. Customers can choose a cow for their steak, and the menu includes a massive 72 oz. New York-style sirloin steak, with a special 16 lb. tenderloin steak available upon request. The restaurant is known for its controversial pro-meat stance and has faced protests from vegetarians, including Lisa Simpson."
Skid Row,Poor district of Springfield,"A poor district in Springfield, Skid Row is known for its high population of derelicts and junkies, often referred to as Bumtown or Junkyville. It is separated from the nicer parts of town by railroad tracks and is located near Crackton and the Badlands."
Six Flags Over Krusty,Gatherings,"An abandoned amusement park, Six Flags Over Krusty features Krustyland, which was shut down after the events of ""The Food Wife."" Following its closure, it became known as Bully Summit, a gathering place for bullies."
Sit-N-Rotate,Restaurant,"A rotating restaurant located atop a large tower, it can be accessed by an elevator in the center. Homer once reviewed it positively as a food critic, although he became nauseated after seeing his sisters-in-law exercising in revealing outfits."
Skinner's House,Residential,"The home of Principal Seymour Skinner and his mother Agnes is located at 330 Pikeland Avenue, next door to Martin Prince. The house is often vandalized by students from Springfield Elementary and has been the site of various comedic incidents, including a disastrous lunch with Superintendent Chalmers."
Ski Chalet,House,"A ski chalet is a Swiss-style house featured in Springfield, often associated with winter sports and vacationing."
Skip's Diner,Diner,"A diner located on the town square next to the Android's Dungeon, Skip's Diner has primarily appeared in the background of various scenes. The interior was first shown in ""A Springfield Summer Christmas for Christmas,"" where Mary Tannenbaum meets Seymour Skinner."
The Singing Sirloin,,"A restaurant in downtown Springfield, known for its singing waiters, serves steaks cooked to various degrees of ""sung."" The Simpson family celebrated Marge's birthday and Bart's academic achievement there, but after Homer's credit card was rejected, they attempted to leave without paying and ended up having to perform a song to settle their bill."
The Simpsons Springfield Map,,"A detailed map of Springfield was created by Lerma Terry Hogan, showcasing various locations within the town."
Sit 'n' Weep,Medical Office,"A clinic located on Psychiatry Row, Sit 'n' Weep is where Marge and Homer sought psychiatric help for Lisa."
Skates 'n' Such Ice Rink,Skating rink,"An ice rink located in Springfield, it hosts a curling club on Saturdays and features a ""clockwise night"" every Thursday."
Sink Hole,,"Two sinkholes have appeared in Springfield: one at the Simpson family's house featured in The Simpsons Movie, and another caused by a leaking force in the episode ""Adventures in Baby-Getting,"" which created a massive hole in the center of the town."
Sir Duncan's Doughed Naughts,Donut shop,"A donut shop located in the kingdom of Springfieldia, it is a parody of Dunkin' Donuts. Homer and Lisa pass by it while trying to earn gold pieces for the amulet of Warmfyre."
Simpson Laser Tag,Laser tag warehouse,"A laser tag warehouse in Springfield, it is owned by Abe Simpson II. Homer worked there to help pay for Marge's college tuition, and it is suggested that the business may have been sold or closed after he began working at the nuclear power plant."
Sir Putt-A-Lot's Merrie Olde Fun Centre,Miniature golf course,"A miniature golf course and recreation complex in Springfield, it features over a dozen holes, go-karts, a batting cage, skee ball, and video games. Sir Putt-A-Lot's hosts an annual miniature golf tournament and is notable for being the place where Homer and Marge conceived Bart."
Marge Simpson,,"Marge Simpson is one of the five main characters in The Simpsons, serving as the homemaker and moral compass of the family. She is married to Homer and is the mother of Bart, Lisa, and Maggie, often trying to maintain order amidst their chaotic lives."
Shøp,Furniture shop,"A furniture shop in Springfield Heights, Shøp is known for its unique and unusual designs. Its mascot is an anthropomorphic Allen wrench, and it features a canteen with Lego-made forks, which Homer Simpson enjoys."
Simpson and Grandson Bike Customizing,Bike Customizing,"A bike customizing store run by Bart Simpson, it was originally co-owned by Abe Simpson II before his death. The shop features murals created by Bart, including one celebrating his life and another honoring Lisa, which made her happy as she believed Bart disliked her."
Shotkickers,Bar,"A country bar located near Springfield, Shotkickers features country-western music, line dancing, and a mechanical bull, along with a variety of drinks. Marge Simpson and Ruth Powers visited during a girls' night out, where Marge participated in line dancing, and Groundskeeper Willie was seen riding the mechanical bull."
Shotgun Pete's,Wedding chapel,"A wedding chapel located just over the state line, it is where Homer and Marge got married. Known for its inexpensive, cookie-cutter weddings, it offers a punch card system for repeat customers and is associated with a nearby gambling house, providing complimentary casino chips as gifts."
Simply Shoes,Shoe shop,"A shoe store located inside the Springfield Mall, Simply Shoes sells high-end running shoes, including a pair called ""Assassins"" that Homer purchased for $125. The store features a window display with the brand's tagline, ""Join the conspiracy."""
Silicon Alley Strip Club,Strip Club,"A strip club located on Silicon Alley, it is known for its adult entertainment. Barney Gumble once worked there."
Shoe City,Shoe store,"A shoe store located in Springfield, Shoe City is briefly seen in ""Homer's Night Out"" when Homer drives home from the Kwik-E-Mart."
Shorty's,Diner,"A coffee shop and diner in Springfield, Shorty's has been the setting for various character interactions, including a brunch between Marge and Jacques, and a blind date between Edna Krabappel and Jasper."
Shoes For Tots,Children's shoe store,"A retail store located in the Springfield Mall, it specializes in selling children's shoes. It is situated opposite Lionel Hutz's law firm."
Shlomo's Judaica,Store,"A Jewish store, Shlomo's Judaica is where Marge once stopped to shop during a trip to visit Dwight Diddlehopper in prison."
She-She Lounge,Nightclub,"A lesbian bar located in the lower east side of Springfield, the She-She Lounge is known for its pride, sisterhood, and excellent margaritas. It has a friendly, laid-back atmosphere and is considered one of the finest watering holes in town, though Homer Simpson once left after expressing concern about its lack of a fire exit."
Shakespeare's Fried Chicken,Fast food chain,"A fast-food fried chicken restaurant chain, Shakespeare's Fried Chicken is named after the famous writer William Shakespeare. It is known for its buckets of fried chicken, which the Simpson family has been seen enjoying in various episodes."
Shapes,Fitness Center,"A fitness center chain opened by Marge Simpson, Shapes provides a positive workout environment specifically for ordinary women. It quickly gained popularity in Springfield, leading to the establishment of a second location and Marge's rise to fame. The gym enforces four rules: no men, no cell phones, no mirrors, and no shame, with the slogan ""I am woman, hear me sweat."""
Sha-Boom Ka-Boom! Cafe,Restaurant,"An atomic bomb-themed diner in Springfield, the Sha-Boom Ka-Boom! Cafe features a menu with items named after the bombs dropped on Hiroshima and Nagasaki. Its design includes googie architecture resembling a mushroom cloud and displays framed images of WWII planes and veterans."
Shavings,Store,"A store where Lisa once went to get a key copied for $1.80, and plastic rings are available for 7 cents."
Shell Shack,Shell store,"A shell shop located at Springfield Squidport, it has a sign that humorously reads ""Hell Ha K"" due to missing letters."
Shake 'n' Bake,Restaurant,"A restaurant in Springfield, Shake 'n' Bake likely sells ice cream shakes and baked goods. Homer Simpson once placed a coupon for this establishment in the collection plate at the First Church of Springfield."
Sherri and Terri's House,Residential,"The house belongs to Sherri and Terri, the twin daughters of Mrs. Krabappel. It is featured in various episodes of The Simpsons, including ""Bart of Darkness"" and ""Marge's Son Poisoning."""
Señor Ding-Dong's Doorbell Fiesta,Doorbell shop,"A shop that specializes in a wide variety of musical doorbells, it is owned by Señor Ding-Dong, originally a marketing gimmick. The shop is notable for its colorful selection and has been visited by characters like Marge, Lisa, and Bart, who were impressed by the offerings during an adventure."
Serenity Ranch,Fat Camp,"A fat camp, Serenity Ranch features a sign that reads, ""When diet, exercise, and surgery aren't enough."" Bart is sent there after a heart attack due to junk food consumption, where he trains under the demeaning supervision of Tab Spangler alongside other attendees like Apu and Rainier Wolfcastle."
Semi-Painless Dentistry,Dentist,"This dentist, featured in the season 1 opening sequence, is located above Howard's Flowers. It is known as ""Semi-Painless Dentistry"" and later replaced by ""Candy Most Dandy"" in the opening sequence from season 2 to early season 20. In the episode ""Last Exit to Springfield,"" Lisa has a check-up at a similar establishment called ""Painless Dentistry."""
Scrap City,Processing metal,"A scrapyard featured in the episode ""Cue Detective,"" where Nelson escapes from Bart and Lisa while being pursued by Tyler over a stolen grill."
Secret Nuclear Defense Plan U.S. Govt. Film,,"Springfield has been designated as a nuclear calibration target for allied nations, meaning it would be bombed first in the event of a nuclear war. This information is revealed in a leaked government film intended for the U.S. president, which features a map resembling Springfield, Massachusetts."
Santa's Village,Theme park,"A Christmas-themed amusement park in Springfield, Santa's Village is open year-round and features real-life reindeer as its main attraction, although they often struggle in the local environment. The park is ironically closed on Christmas, and it has been the setting for various misadventures involving the Simpson family and other characters."
Screaming Monkey Medical Research Center,Research lab,"A medical and scientific research lab in Springfield, the Screaming Monkey Medical Research Center is known for creating a mutant parrot called an octoparrot. Homer Simpson visited as a test subject, where doctors discovered a crayon lodged in his brain, which, when removed, reportedly increased his IQ by 50 points."
Satan's Anvil,Desert/Rock Formation,"A desert in Springfield, known as Satan's Anvil, features a rock formation that resembles a blacksmith's anvil. It is inhabited by an elderly couple, a roadrunner, a coyote, and scorpions, and contains a mine where settlers left behind explicit drawings discovered by Bart Simpson."
Santa School,Teaching mall Santas,"A school in Springfield teaches individuals how to be mall Santas, where Homer and Barney enrolled. The school features a hypnotist as a teacher and is led by the head of Santa School."
Saks Fifth Grade,Store,"A clothing store for girls located in the Springfield Mall, Saks Fifth Grade offers a limited selection of sizes, which leads Lisa to struggle with body image issues during her visit."
Sanjay's House,Home,"Sanjay's house is the residence of Apu's brother, Sanjay."
Sandals,Shoe store,"A shoe store specializing in sandals, it is located at Springfield Squidport."
Sandy Beach,Beach,"A sandy beach is a location where the Simpson family has vacationed. Homer once swam with a fake shark fin, scaring beachgoers, while Bart joined in the fun with his own fin."
The Rusty Barnacle,Restaurant,"A pirate-themed restaurant, The Rusty Barnacle is known for its nautical decor and seafood offerings."
Russian District,District,"A district in Springfield, the Russian District has a significant population of Russians, Chechens, and other Eastern Europeans, resembling a typical Eastern European city. Homer visits this area while searching for Lisa."
S.N.P.P. Cafeteria,Cafeteria for the SNPP,"The cafeteria at the Springfield Nuclear Power Plant is owned by Mr. Burns and is located adjacent to the plant. It serves meals to the plant's employees, including Homer Simpson, who has been seen sneaking in for a quick bite."
Saint Sebastian's School for Wicked Girls,School,"A Catholic school for girls with behavioral issues, Saint Sebastian's School for Wicked Girls is run by nuns from a French-Canadian order. Samantha Stankey, Milhouse's former girlfriend, was sent there after being caught kissing Bart."
Rubber Baby Buggy Bumpers Babysitting Service,Babysitting Service,"A babysitting service in Springfield, Rubber Baby Buggy Bumpers employs a receptionist and several babysitters, including Lucille Botzcowski. The Simpsons children are blacklisted due to past misbehavior, and Homer once deceived the service into sending a babysitter by claiming to be part of the Samson family."
Sabertooth Meadow,Site of the Heavenly Hills Mall,"An undeveloped area of Springfield, Sabertooth Meadow was the site of an archaeological dig by Springfield Elementary students, where Lisa discovered an angel fossil that was later revealed to be a hoax. The land was subsequently developed into the Heavenly Hills Mall, which features the faux angel fossil as part of its exterior decoration."
Royal King Trailer Park,Trailer park,"A trailer park located in Spittle County, it features a sign that tracks the number of days since the last tornado. Lurleen Lumpkin, a country singer, resides there."
Royal Majesty for the Obese or Gangly Gentleman,Tailor shop,"A tailor shop in Springfield, this establishment specializes in clothing for obese, tall, and exceptionally large men. It is known for its custom creations, including a purple crushed-velvet tuxedo and a traditional African dashiki, and has a slogan that emphasizes the importance of not damaging its merchandise: ""You rip it, you buy it."""
Rommelwood Military School,Military Acadamy,"A military boarding school named after General Erwin Rommel, Rommelwood Military School is where Bart and Lisa Simpson attended. The school offers traditional academics alongside military training, including weapons training and drill, and features a challenging obstacle known as the eliminator, which was later deemed too dangerous and removed."
Route 18 Flea Market and Drive-In,"Flea market, drive-in theater","A business in Springfield that functioned as both a flea market and a drive-in movie theater, it was known for its poorly maintained marquee and was eventually demolished. The location featured a showing of Troy McClure's film ""The Muppets Go Medieval"" shortly before its closure."
Nick Riviera,,"Dr. Nick Riviera is a quack physician known for his dubious medical practices and catchphrase, ""Hi, everybody!"" He operates a walk-in clinic in Springfield and has performed questionable medical procedures on the Simpson family, often with disastrous results."
Rural Outfitters,Clothing store,"A clothing store located in Springfield, Rural Outfitters is featured in ""The Serfsons,"" where Homer and Lisa pass by while seeking gold pieces for the amulet of Warmfyre. The store is a parody of Urban Outfitters."
Ron's Meat,,"A store located in Springfield Mall, it specializes in selling meat and is presumably founded by someone named Ron."
Rock Bottom Remainders,Book shop,"A book shop located in the Springfield Mall, Rock Bottom Remainders is where Homer and Marge purchase the Time-Life Carpenter's Library box set. The store features a variety of books, including titles related to woodworking and carpentry."
Republican Party Headquarters,Springfield Republican Party headquarters,"The Springfield Republican Party headquarters is a sinister-looking castle situated at the edge of a tall cliff. Access to the building is provided through a secret tunnel located at a Lard Lad statue, which has stairs leading inside."
Restricted Grass,Restricted grass field,"A green grassy field marked with a warning sign to keep off the grass, it is featured in ""The Telltale Head."" Jimbo, Kearney, and Dolph are seen lying on it while Bart visits with the head of the Jebediah statue in his backpack."
Re-Neducation Center,Re-education Facility,"A re-education facility used during Ned Flanders' rule, the Re-Neducation Center forced dissenters to smile, wear outfits resembling Flanders' clothing, and undergo lobotomies to erase their personalities, while allowing them to keep the removed sections of their brains."
Restoration Bard Wear,Clothing store,"A clothing store located in the kingdom of Springfieldia, Restoration Bard Wear was featured when Homer and others participated in a stoning event. It parodies the home-furnishing retailer Restoration Hardware."
Rendering Plant,Factory,"An animal waste processing plant is located in the Rat's Nest neighborhood, where Homer Simpson enjoys the smell of hog fat it produces."
Red Blazer Realty,Real Estate,"A real estate agency run by Lionel Hutz, Red Blazer Realty has at least two offices in Springfield. All staff members wear red blazers, and notable employees have included Gil Gunderson and Cookie Kwan."
Rancho Relaxo,2-Star Resort Spa,"A two-star health spa located in the Springfield mountains, Rancho Relaxo offers amenities such as a tennis court, jacuzzis, and mud baths. Guests can enjoy activities like bungee jumping, kayaking, and hula dancing, and the spa features its own train station for access from Springfield."
Rattlesnake Sanctuary,Snake sanctuary,"A snake sanctuary is located in Springfield, known as the Rattlesnake Sanctuary. It is featured in the episode ""Fraudcast News,"" where Homer ends up there after an incident involving Mr. Burns' henchmen."
Rat's Nest,,"A poor, crime-ridden district in Springfield, Rat's Nest is located on the New Springfield side of the Springfield Bridge. The area is characterized by unpaved roads and is close to the Springfield Nuclear Power Plant, which has contributed to environmental hazards."
Rat Trap Delivery Truck,Transporting rat traps,"A delivery truck transports rat traps in Springfield. It is featured in the episode ""The Boy Who Knew Too Much."""
Joe Quimby,,"Joe Quimby, also known as Mayor Quimby, is the slick and corrupt mayor of Springfield, often prioritizing his own interests over those of the citizens. He is known for his womanizing ways, frequent acceptance of bribes, and a catchphrase, ""Vote Quimby,"" which he uses inappropriately even in compromising situations."
Rat's Nest Neighbourhood,,"A district in Springfield, the Rat's Nest Neighborhood is a hillbilly community populated by farmers and descendants of the town's founders. It is located near the Springfield Nuclear Power Plant, which has contaminated the area with radioactive waste and poorly maintained roads."
Rainier Wolfcastle's Mansion,Residential,"A large brick mansion with a ring driveway, it is the residence of Rainier Wolfcastle, his wife, and their daughter Greta. The mansion features an indoor swimming pool."
Quantity Inn,Motel,"A motel in Springfield, Quantity Inn parodies the Quality Inn hotel chain. It is where Marge, Ned, Helen, Reverend Lovejoy, Sideshow Mel, and Agnes stayed after a successful card counting session at La Belle Frottage Casino."
Quimbebunkport Estates,Residential,"A mansion in Springfield, Quimbebunkport Estates is the residence of Mayor Quimby and features a swimming pool with a volleyball court."
R. Crumb's Keep on Muffin',,"A muffin store located on the same block as Edna's Edibles, R. Crumb's Keep on Muffin' features a sign modeled after characters from Robert Crumb's ""Keep on Truckin'"" comic. It is one of several muffin-themed shops in the area."
Quack In The Box,Medical Office,"A psychiatrist office located on Psychiatry Row, it resembles an older-style Jack in the Box restaurant and serves as a parody of the fast-food chain."
Pudding on the Ritz,Restaurant,"A restaurant in Springfield, Pudding on the Ritz is where Homer was caught cheating on his diet by Marge, who was filming a segment for a show. The establishment is known for its pudding, which Homer ordered during the incident."
Puttering Barn,Shop,"A shop parodying Pottery Barn, Puttering Barn is located at the Towne Centre at Springfield Glenne, next to Banana Dictatorship."
Pro Shop,,"A golf store located near the Springfield Glen Country Club, the Pro Shop is designed as a large pyramid with numerous steps leading to its entrance."
Princess Opal (Location),Retail,"A store located in the Springfield Mall, it sells potions, hexes, and a fax machine. Selma visits Princess Opal in hopes of finding a man."
Pressboard Estates (bus stop),Bus Stop,"A bus stop located in Pressboard Estates serves bus routes 22A and 22. Lisa once visited this stop while trying to take a bus to the museum, where she encountered a crowd that pushed her aside as she attempted to board."
Psychiatry Row,Springfield District,"A district featuring various psychiatric facilities, Psychiatry Row includes establishments like Quack in the Box, 99 Shrink, and Sit 'n' Weep, as well as a child psychiatrist."
Preschool,Preschool,"A preschool located on Elm Street, it is situated across from the Kwik-E-Mart and may be referenced by Springfield Elementary School."
Protestant Youth Festival,Protestant youth festival,"A Protestant youth festival in Springfield features activities aimed at engaging young attendees in their faith. Bart attended with Marge, Ned, and Timothy Lovejoy, where he initially resisted the event but ultimately helped resolve a conflict between different Christian groups."
Prince House,Residential,The Prince family resides in a house located on Evergreen Terrace.
Prank of America,Prank store,"A prank store located at the Towne Centre in Springfield, it sells joke items like chattering teeth and novelty vomit. Lisa once considered buying a gift for Bart from this store while Christmas shopping."
Praiseland,Theme park,"A theme park owned by Ned Flanders, Praiseland was created in memory of his late wife, Maude. It was built on the site of the old Storytime Village and featured a statue of Maude that caused hallucinations due to a gas leak, leading to its eventual shutdown after a scandal involving orphans."
Popsicle Stick Skyscraper,Tourist Attraction,"A skyscraper made of popsicle sticks, it was located near a 50-foot magnifying glass and was ultimately burned down."
Popular Books,Bookstore,"A bookstore located in the Springfield Mall, Popular Books specializes in trendy and popular titles. It is one of the many retail options available in the mall."
Poverty Barn,Store,"A store located in the Springfield Mall, Poverty Barn is a parody of Pottery Barn, offering a variety of home goods and decor."
Polo Field House,Polo barn,A barn used for storing horses and polo equipment is located at the Polo Field House. It serves as a facility for polo-related activities in Springfield.
Power Plant Guard (Homer's Odyssey),,"An employee at the Springfield Nuclear Power Plant, the power plant guard is stationed at the entrance and is often seen watching television, eating a sandwich, and drinking soda."
Popcorn,Stall,"A stall at Springfield Squidport, it sells popcorn and is visited by Homer, Bart, and Lisa during their walk."
Pool Sharks,Pool sales,"A pool shop in Springfield offers various swimming pool options, including unique models like the hick tub and the lightning magnet. The Simpson family visits this location after a demonstration from the Springfield pool mobile."
Police Officer (Colonel Homer),,"A member of Springfield's police force, this officer worked at the Springfield State Prison and was involved in a fight with Snake Jailbird, which ended in reconciliation after hearing Lurleen Lumpkin's song ""Your Wife Don't Understand You."""
Plumbing Supplies,Plumbing supplies,"A plumbing supplies store in Springfield is where Lupe Velez purchased the toilet she drowned in, which Marge photographed during a family ride. This location appears in the episode ""Homer's Phobia."""
Plato's Republic Casino,Casino,"A casino owned by Plato, it is where Abe Simpson goes after inheriting money from his late girlfriend, Beatrice Simmons. The casino appears in various episodes, including ""Old Money"" and ""I Married Marge."""
The Popcorn Shack,,"A store located in Springfield Mall, the Popcorn Shack is situated next to the Happy Sailor Tattoo Parlor. It is a place where characters like Marge, Bart, Lisa, and Maggie pass by on their way to Dr. Zitsofsky's dermatology clinic."
Playdough Factory,Factory,"A factory in Springfield produces playdough, which is transported via flatbed trucks using an overgrown play-doh fun factory shape slider. The playdough is noted to be non-toxic, although it is unclear if this factory is the source of that product."
Plant Operations Center,Operation center for the SNPP,"The Plant Operations Center is part of the Springfield Nuclear Power Plant, where Homer once attempted to release spoiled milk and utility-grade chicken into the air-conditioning system. The operation was thwarted by FBI agent Annie Crawford, and it was later revealed that the air conditioning was non-functional."
Plumbing accident victim,,"A child in Springfield suffered a plumbing accident that resulted in a faucet becoming lodged in his head, leading to his hospitalization at Springfield General Hospital."
Plaster Mountain Theme Park,Amusement park,"An amusement park in Springfield features a giant plaster mountain as its main attraction. It offers various rides and attractions, including a toilet sponsored by Fodex, souvenir shops, and traditional amusement park stands."
Pizzeria Cheapo,Pizzeria,"A fast food pizza takeout stand located in the Springfield Mall food court, Pizzeria Cheapo offers quick pizza options for customers on the go."
Pitiless Pup Attack Dog School,Dog School,"This dog school trains attack dogs and addresses their behavioral issues for the safety of the public. It also prepares dogs for competitions like Crufts, offering owners diplomas and special events for members."
Plastic Surgery Center,Plastic surgery clinic,"This plastic surgery clinic has the motto ""correcting God's mistakes."" Selma underwent surgery here, funded by Fat Tony, and Homer visited to get stomach staples and other procedures to improve his appearance for Marge."
Pinkbeardy Yogurt,Yogurt shop,"A yogurt shop in Springfield, it features a pink bearded pirate as its mascot and has a building designed to resemble a ship. It is located next to the Frying Dutchman."
Pie Cave,Basement,The Pie Cave is a basement hideout used by Homer when he adopts the persona of the Pie Man. It is located in the Simpson home.
Pillowmint Hotel,Hotel,"A hotel located in the Springfield Heights district, Pillowmint Hotel was visited by Homer and Bart to persuade the band The Who to perform in their area, New Springfield. They humorously warned the band about the restrictions they would face in Old Springfield."
Photography,Photograph studio,"A photography studio in Springfield showcases Christmas cards featuring family photos during the holiday season. In the episode ""Changing of the Guardian,"" Homer and Marge discover a photo of their children with their new guardians, Mav and Portia, prompting them to reclaim their kids."
Pine Hills,"Neighborhood in Springfield, USA","A gated neighborhood in Springfield, Pine Hills features Raphael as the security guard. It is known for hosting a Halloween block party called ""Spine Chills."""
Phineas Q. Butterfat's 5600 Flavors Ice Cream Parlor,,"An ice cream parlor in Springfield, Phineas Q. Butterfat's 5600 Flavors features a mascot resembling Marge Simpson. It has appeared in several episodes, including one where Homer faints into a giant sundae, and it is located inside the Springfield Mall."
Pharm-Er John’s Pharmaceuticals,Pharmaceutical manufacturing company,"A pharmaceutical manufacturing company, Pharm-Er John's Pharmaceuticals is where Lisa and Marge sought answers about high prescription drug costs after Mr. Burns eliminated the employee drug program. They encountered an unhelpful employee who resorted to showing them a video before leaving."
Pet Shop,Pet shop,"A pet shop in Springfield sells various animals, including parrots and hamsters. In one incident, Bart's prank with megaphones causes the parrots to repeat ""testing!"" and leads to a confrontation with henchmen while the Simpson family pursues Mr. Burns' assistant, Smithers."
Pay & Park & Pay,Parking garage,"A parking garage is located in Springfield, where Bart and Lisa were summoned by Smithers during Sideshow Bob's mayoral campaign to discuss his voting strategy."
Peanut Street Hotel,Hotel,"The Peanut Street Hotel is located on Peanut Street, situated next to King Toot's and Moe's Tavern. It is featured in several episodes of The Simpsons."
Pet Costumes by Carolyn,Pet Costume Store,A pet costume store located in the Promenade on the Grove at Springfield Heights.
Peanut Street,Road,Peanut Street is the location of Moe's Tavern and King Toot's music shop. It often intersects with Evergreen Terrace and has appeared in various episodes of The Simpsons.
Pepi's House,,"Pepi's House is located in the poorer part of Springfield, where Pepi resides."
Peanut Factory,Peanut processing factory,"A peanut processing factory produces peanuts for consumption and is known for its eccentric boss, who requires employees to prepare for the unlikely event of an elephant breaking in. This bizarre precaution becomes a reality when an elephant attacks the boss while he is distracted."
The Peak Inn,,"A house that belonged to Mr. Burns' cousin and former lover, Lyla. It is notable for being one of the locations Bart passed by in a floating basket."
Paradise Pier,Pier,"A pier with old carnival rides was once located in Springfield, but it was later rebuilt into condos. The Simpson family visited Paradise Pier before it was torn down, leading to a series of chaotic events involving Homer."
Palm Springfield Resort,Resort,"An expensive accommodation in Springfield, this resort is where Homer and Marge vacationed while Marge attended a meeting with fellow businesswomen. The name is a blend of Palm Springs and Springfield."
Pawn Shop,Pawning Objects,"A pawn shop in Springfield, typically located next to the Aztec Theater, features the traditional three-ball sign for pawnbrokers. Homer once pawned the family's television to afford therapy, later retrieving it after receiving double their money back."
Painless Dentistry,Dentist,"A dental office where the Simpsons have sought dental care, Painless Dentistry was previously known as Painful Dentistry. Dr. Wolfe is the assumed owner, and Lisa received braces there during the episode ""Last Exit to Springfield."""
Page's Pharmacy,Pharmacy,"A pharmacy located in Springfield's town square, Page's Pharmacy is situated next to Zesty's."
P.F. Wangs,Gay Bar,"A gay bar located in downtown Springfield, P.F. Wangs is situated across the street from the Gridiron. Its name is a play on the real-life restaurant P.F. Chang's."
Omnitouch,Cell Phone Service,"A cell phone company in Springfield, Omnitouch sponsors exhibits at the local museum, which frustrates Lisa Simpson. After Homer destroys the Bill of Rights, their technology is used to convert 742 Evergreen Terrace into a cellular tower, enhancing roaming coverage in the area."
Overpass Diner,Diner,"A diner in Springfield, it offers a burger and squalor for under a dollar. Homer, Bart, and Mona Simpson visit the Overpass Diner after a reunion at the Four Street Overpass."
P. Piggly Hogswine's Super-Smorg,Cafeteria,"An all-you-can-eat cafeteria in downtown Springfield, this restaurant specializes in pork and is popular among local seniors. Patrons are limited to an eight-hour dining period."
Origami Designs,Origami designs store,"A store located in Springfield Mall, Origami Designs specializes in selling various origami creations. It has appeared in multiple episodes of The Simpsons, showcasing its unique offerings."
One Night Stan's,Night club,"A night club in Springfield, One Night Stan's is a popular venue for nightlife and entertainment."
Onward Christian Schoolboys Academy,Education,"A private all-boys Christian elementary school in Springfield, this academy follows a curriculum that excludes evolution and traditional astronomy. The school mascot is the Sluggin' Thessalonian, and Todd and Rod Flanders attended until they were withdrawn by their stepmother, Edna Krabappel."
Naming Rights Available,Stadium,"A stadium in Springfield currently without a name, it has hosted performances by Coldplay and features a design reminiscent of the FTX Arena in Miami."
National Testing Center,Testing center,"A testing center located in Proctorville, it is where Springfield Elementary's standardized tests are sent to be processed by a robot named Emma. The center's motto is ""Controlling your destiny since 1925."""
Omni-Pave,Construction company,"A construction company owned by the Rich Texan, Omni-Pave has a red brick headquarters featuring numerous windows and a large garage-style door. The building is marked by a prominent sign depicting a smiling steamroller chasing a frightened flower."
Neat & Tidy Piano Movers,Service/Shop,"A service store in Springfield, Neat & Tidy Piano Movers is located next to Candy Most Dandy and Heinrich's Monocle Shop."
Olde Springfield Towne,Historical site,"A historical district in Springfield, Olde Springfield Towne showcases colonial-era attractions and preserved sites, including the historical Fort Sensible. It serves as a destination for heritage tourism, offering tours and experiences related to Springfield's history."
National Bank of Springfield,Bank,"A bank located in Springfield, it has been the site of various robberies, including one where Buck McCoy disarmed robbers with a lasso. The building was also famously dropped on Homer and Marge during a tornado, trapping them inside until they were rescued."
My First Tattoo,Tattoo studio,"A tattoo studio located at Springfield Squidport, My First Tattoo features a character named White Weasel showing his tattoo to other children outside the establishment."
Museum of Television and TV,Museum,"A museum dedicated to television and its celebrities once existed in Springfield, where Bart's class visited and Milhouse accidentally destroyed some figurines. The museum was later liquidated, with its assets sold off, including the Batmobile to Comic Book Guy."
Murmur,,"A store briefly run by Marge Simpson, Murmur sold crystals that she believed helped improve children's grades. It was located in a mall and faced competition from a rival named Piper, but Marge eventually closed the store after it was revealed that the crystals were ineffective."
The Murderhorn,Climbing,"The highest mountain in Springfield, the Murderhorn stands over 20,000 feet tall and is known for its treacherous climbing conditions. Homer Simpson famously climbed it to promote the Powersauce bar, ultimately destroying the last peak to make the second to last peak the summit."
Murder House,Residential,"A house in Springfield known as the Murder House is infamous for a series of murders that took place there, with Mrs. Astor being the sole survivor. Marge attempts to sell the house to the Flanders but struggles due to its dark history, and after it is destroyed by Homer, Chief Wiggum, and Snake, she loses her job at Red Blazer Realty."
Eddie Muntz,,"Nelson's father, Edward ""Eddie"" Muntz, is known for his motorbike and was once his son's soccer coach. He abandoned the family after taking his wife’s gold tooth and claiming he was going to buy cigarettes, later being found at a circus where he suffered an allergic reaction that left him disfigured and unable to speak."
Museum of Swordfish,,"An aquatic museum located on the waterfront, it features a prominent swordfish display. The museum has a reputation for causing trouble, as noted by Marge after a near-disaster involving a parade float."
Museum of Tolerance,Museum,"Located inside the New Springfield Atoms Stadium, the Museum of Tolerance aims to promote understanding among fans of rival football teams. It features a scene where a Green Bay Packers fan and a Minnesota Vikings fan embrace after visiting the museum."
Murder Town,District,"A district in Springfield known for its high crime rate, Murder Town is monitored by CCTV cameras, including those watched by Ned Flanders."
Murder scene location,Residential,"A house in the Rat's Nest neighborhood was the site of a murder, where the killer ominously wrote a warning in the victim's blood. A realtor unsuccessfully tried to sell the house to Marge and Homer Simpson."
Mt. Swartzwelder Historic Cider Mill,Cider Mill,"An operating cider mill and tourist attraction on the outskirts of Springfield, it offers guided tours led by Randy, who explains cider production and the mill's history. Visitors can enjoy tastings, purchase apple-related products, and learn about the mill's quirky past, including its rat population."
Mulberry Island,Island,"An island located near Springfield, Mulberry Island is where Lisa and Nick attempted to share their first kiss under a mulberry tree. The trip was interrupted by police, and ultimately, Nick left Lisa before they could kiss, leading to a heartfelt moment between Lisa and Marge."
Much Ado About Muffins!,Stall,"A food stand selling muffins, Much Ado About Muffins! features the slogan ""To eat or not to eat?"" and is located at Springfield Squidport, which was refurbished to accommodate new businesses."
Municipal House of Pancakes,Pancake House,"A restaurant in Springfield, the Municipal House of Pancakes specializes in pancakes but is known for its popular syrup bottles. The Springfield Investorettes once held a meeting there."
Mt. Useful,Mountain,"A mountain located outside of Springfield, Mt. Useful features two cabins, a ranger's station, and a visitor's center that provides information about the mountain's ecology. The area is known for a team race organized by Mr. Burns for the Springfield Nuclear Power Plant staff, but it suffers from budget cuts that limit activities and have left its chairlifts outdated and potentially dangerous."
Mt. Splashmore,Theme park/attraction,"A water park in Springfield, Mt. Splashmore features thrilling attractions like the Devil's Gullet, which drops riders from 300 feet into a series of twisting tubes, and H2Whoa!, known for its intense water challenges. The park is staffed by teenage lifeguards and includes a kiddy pool called the Rock-a-Bye-Riptide, as well as a roller coaster named the Wave Walker."
Muffin Store,Currently: Construction siteFuture: Muffin store,"A muffin store is under construction and will sell muffins. It is located on the same block as Edna Krabappel's store, Edna's Edibles, and other nearby muffin shops."
Mud City,Strip jointMud wrestling venue,"A mud wrestling-themed strip joint in Springfield, it is known for performances by various entertainers, including April Flowers. Grampa Simpson frequents the venue while trying to enjoy his inheritance, and it is also referred to as Club Mud."
Mt. Embolism,Ski Resort,"A popular downhill skiing area in Springfield, Mt. Embolism is where the Simpson family goes to ski, although Marge stays in the lodge due to her fear of skiing. In the episode ""Little Big Mom,"" she suffers an injury when a clock falls on her leg."
Mrs. Wickerbottom's Pre-Nursery School,Nursery School,"A gifted nursery school for infants and toddlers, it is where Lisa attempted to enroll Maggie after Apu and Dr. Hibbert's children attended. Initially rejected for not speaking, Maggie was later accepted when her high IQ was discovered, although she was eventually dismissed for cheating on an intelligence test."
Mr. Burns' Casino,Casino,"Opened by Mr. Burns after Springfield legalized gambling, the casino featured him as a merman mascot and was located on the waterfront. It became notable for Homer Simpson's blackjack dealing, where his poor skills led to gamblers winning frequently, but was later demolished in an explosion to make way for a casino-themed family hotel."
Mrs. Bellamy's House,House,"Located on a spooky hill, this house was once home to Myrna Bellamy and her husband. It serves as a social gathering place for Myrna and her friends, and is the site of her murder and the theft of her jewel necklace."
Mr. Burns' Summer Mansion,Residential,"A summer mansion owned by Mr. Burns, it was temporarily occupied by the Simpson family while filming a movie. The mansion features a medicine cabinet filled with old man ointments, which puzzled Marge when questioned about it."
Mr. Burns' Germ Warfare Laboratory,,"A biological germ warfare laboratory operated by Charles Montgomery Burns was located on the campus of Springfield University. It faced protests from students and activists, including Mona Simpson, who infiltrated the lab to destroy its germ stockpile, leading to a long-standing conflict between Burns and the Simpson family."
Mt. Springfield,Mountain,"A volcanic mountain located just outside of Springfield, Mt. Springfield is known for its past eruptions and incidents, including a fire caused by a discarded camera light bulb. Bart and Lisa were once trapped on the mountain until Homer and Barney rescued them, with Homer hanging upside down from a helicopter."
Mr. Burns Basketball Stadium,Basketball Stadium,"A large basketball stadium designed by Mr. Burns features architecture reminiscent of a beehive. It was built after he destroyed Lisa's bee sanctuary, which led to the stadium being overrun by Africanized bees, effectively turning it into a giant hive."
Mourning Glory Funeral Home,,"A funeral parlor in Springfield, Mourning Glory Funeral Home hosted Larry's funeral after his death at Moe's Tavern. Bart and Lisa also attended other funerals there, including those of Pauline McAllister and Eunice Quimby."
Motherloving Sugar Corp.,,"A Springfield-based company, Motherloving Sugar Corp. produces various unhealthy sugar products and is owned by Garth Motherloving. It supplies all the sugary items at the Kwik-E-Mart and was involved in a plot to include sugar in all food products in Springfield, eventually closing after a court ruling declared sugar products illegal, but later reopening with the help of Homer, Mr. Burns, Apu, and Garth."
Mountain Lodge,Lodge,"A lodge located in the mountains, it serves as a getaway spot for Springfield residents."
Mother Hubbard's Sandwich Cupboard,Family restaurant,"A sandwich franchise chain restaurant, Marge opens Mother Hubbard's Sandwich Cupboard and hires Gil Gunderson, a squeaky-voiced teen, and Shauna Chalmers to work there. The franchise's logo features a sandwich designed to resemble an elderly woman, inspired by the nursery rhyme ""Old Mother Hubbard."""
Montgomery Burns State Prison,Prison,"A private prison owned by Mr. Burns, Montgomery Burns State Prison houses various inmates and is known for its harsh conditions."
Mount Carlmore,Mountain,"A mountain in West Springfield features a carving of Carl Carson's face. Lenny reminisces about a summer spent creating the sculpture, although he and Carl have never discussed it."
Morningwood Penitentiary,Prison,"A once-abandoned prison in Springfield, Morningwood Penitentiary was reopened by Mayor Quimby to use its electric chair as a deterrent against crime. Before its reopening, it was patrolled by an elderly guard, and Bart Simpson and Ralph Wiggum once trespassed there, playing with the electric chair the night before it was set to reopen."
Mort's Deli,Delicatessen,"A delicatessen in Springfield, Mort's Deli was once famous for housing the world's largest pickle until its theft in 1995. Despite the loss of prestige, Mort serves the best kugel in town and offers fatty pastrami sandwiches."
Motel,Motel,"A motel is where the Simpson family stayed overnight while traveling to Itchy & Scratchy Land. During their stay, they witnessed a car crash outside their window, relieved it wasn't their own vehicle."
Montessori School,School,"A Montessori school is located across the street from Springfield Elementary School. It is known for its alternative educational approach, which emphasizes hands-on learning and student-led activities."
Moe's Express,Bar,"A miniature version of Moe's Tavern, Moe's Express is a bar located in the food court, staffed by the Squeaky-Voiced Teen."
Montgomery Burns Institute For Soul Extraction,Soul Extraction,"A facility located next to Springfield General Hospital, the Montgomery Burns Institute for Soul Extraction is where Mr. Burns is seen leading the devil into the building. It is featured in the episode ""Holidays of Future Passed."""
Moeview Motel,Motel,"A motel located opposite Moe's Tavern, Moeview Motel is where Snake Jailbird once stayed after discovering gold coins. During his stay, Moe sneaked into Snake's room and stole the coins."
Moe's Brewing Co.,Tavern,"Moe's Brewing Co. is an alternate name for Moe's Tavern, which is known for its dive bar atmosphere. Visitors enter through a long tunnel that leads directly to the tavern, where Moe Szyslak serves drinks to patrons."
Miss Tillingham's School for Snotty Girls and Mama's Boys,School,"A prestigious private preschool, Miss Tillingham's School for Snotty Girls and Mama's Boys was considered by Marge and Homer Simpson for enrolling Lisa, but the $6,000 tuition was unaffordable for the family, and scholarships were only available to minority groups."
Mom & Pop Hardware,Hardware shop,"A hardware store in Springfield, it is owned by a couple known as Mom and Pop, who are the store's employees. Homer Simpson once purchased a barbecue pit from this shop."
Moe's Apartment,Accomodation,"Moe's Apartment is located at 242 in downtown Springfield, serving as the residence of Moe Szyslak."
Moe's Tavern,Bar,"The local bar in Springfield is owned by Moe Szyslak and is known as Moe's Tavern. It is the only tavern in town and is located near King Toot's Music Store, with a reputation for being kept in business through bribes to Mayor Quimby."
Mike's House,Residential home,"A residential home where Mike and his son Freddy live, it appears in the episode ""Homer's Night Out"" when Mike punishes Freddy for looking at a photo of Homer Simpson and Princess Kashmir."
Mickey Mouse Bum,,"A homeless man living under a bridge in Springfield, he was formerly the owner of the Mickey Mouse massage parlor, which was shut down by the Walt Disney Company for copyright infringement. He is now unemployed and struggling to survive."
Mingled Waters Health Spa,Spa,"This spa features a sauna and a steam room. Homer Simpson once pretended to be wealthy to win free tickets, leading him and Marge to visit the steam room, where they encountered Don Vittorio DiMaggio."
Memory Recovery Institute,Institute for recovering memories,"An institute owned by Professor Frink, it specializes in helping individuals recover their memories, often serving residents from the Springfield Retirement Castle. Homer visited the institute to regain memories of a lost day."
Merry Widow Insurance Co.,Life insurance agency,"A life insurance agency, Merry Widow Insurance Co. is featured in episodes such as ""Homer's Triple Bypass"" and ""Lisa the Tree Hugger."""
Mental Institution,Mental institution,"A mental institution in Springfield is where the Simpson family took Homer when they wanted him out of their lives. Homer was initially confused about the destination, fearing it could be a mental institution, a slaughterhouse, or Santa's village before realizing they were headed to a rock n' roll fantasy camp."
Mattress King,Mattress store,"A chain of mattress stores, Mattress King was originally run by Morty Szyslak, Moe's father. Moe was once tasked with sabotaging competitors, leading to a mishap that ruined his family's business."
Matlock Expressway,Freeway,"A freeway connects downtown Springfield to other regions, including Evergreen Terrace. It was renamed the Matlock Expressway by Mayor Quimby to appeal to the elderly, as the show ""Matlock"" is popular among them. The freeway remains incomplete due to construction issues and a gap caused by 742 Evergreen Terrace."
Medieval Times,Restaurant/Entertainment,"A restaurant located in Springfield Heights, Medieval Times features a medieval-themed dining experience. Marge once asked Homer to meet her there, but he did not show up."
Mav's and Portia's ski house,Residential  Ski House,"A ski house owned by Mav and Portia serves as a temporary home for Bart, Lisa, and Maggie when Mav and Portia become their guardians. The children ultimately choose to return to their parents, Homer and Marge, after realizing they prefer to be with their natural family."
Mel's Novelty Shop,Novelty shop (presumably),"A novelty shop located near Springfield Town Square, Mel's Novelty Shop is featured in the video game ""Bart vs. the Space Mutants."" It sells items like cherry bombs and rockets, which Bart uses to complete various tasks in the game."
Mayor Quimby's mansion,Residential,"Mayor Quimby's mansion is the residence of Joe Quimby and his wife, Martha, featuring a large garden. The mansion hosts events like the annual Easter egg hunt, where the Simpson children have participated, and it has been depicted with Quimby's questionable modifications to his office, reflecting his womanizing tendencies."
Mav's and Portia's house,Residential,"A house owned by Mav and Portia, located near Springfield Beach, where the Simpson family met the couple while looking for new guardians for their children. After a dinner invitation, Mav and Portia agreed to become the children's guardians during Christmas."
Martin Prince,,"A fourth-grade student at Springfield Elementary School, Martin Prince is a friend and classmate of Bart Simpson, known for his academic brilliance and being a teacher's pet. He is often bullied by Nelson Muntz and is portrayed as a stereotypical nerd."
Mary (shop),Shop,"A shop briefly seen in ""Simpsons Roasting on an Open Fire,"" it is located opposite the Circus of Values and the Springfield Mall. Its specific purpose is not detailed in the series."
Mapple Store,,"A retail chain owned by Mapple, the Mapple Store sells various products including mypods, myphones, and the Mapple Void computer. The Springfield Mall location features a cube-shaped design with blue walls made of video projection screens and includes a Brainiac Bar for technical support."
Market,Market,A food market is located in downtown Springfield on a one-way road. The surrounding area changes in its appearances throughout the series.
Marvyn's,Shop,"A former department store, Marvyn's was one of the many shops where Marge had a voucher, but it has since closed down. It serves as a parody of Mervyn's."
Marine World,Aquarium,"An aquarium and marine mammal park in Springfield, Marine World features daily dolphin shows in a large amphitheater. A sign at its entrance indicates that the attraction is no longer educational."
Mammon Street,,"A street in Springfield Heights, Mammon Street is home to Burns Manor and connects to Croseus Street. Bart and Santa's Little Helper walked down this street after Bart was sent to his room on Thanksgiving."
Malibu Stacy Headquarters,Business dealings of Malibu Stacy,Business dealings related to Malibu Stacy take place at this headquarters. It serves as the central hub for the iconic fashion doll's operations.
Main Street,Road,"Main Street is a prominent road in Springfield that features in the opening sequence of the show, where Bart often skateboards past citizens and bus stops. It hosts various parades and is home to several notable locations, including Moe's Tavern and King Toot's Music Store."
Magic Palace,Restaurant,"A restaurant in Springfield, Magic Palace features performances by magicians, including Diablo and a mentalist named Questo, who served drinks to the Simpson family. The venue has hosted events like the World Magic Championship and Lisa's magic show."
Make-a-Thing Workshop,Crafts,"A workshop that allows residents to craft various items, it initially served as a special event location in the game ""The Simpsons: Tapped Out"" before becoming a regular income-producing building. Its name is likely inspired by the real-life Build-A-Bear Workshop chain."
Magic Craphole Waste Removal,,"A business run by Homer Simpson, Magic Craphole Waste Removal allowed residents to dispose of their trash into a black hole that Lisa brought into their home. The black hole eventually grew large enough to consume most of Springfield."
Madame and Masseur,Massage parlor,"A massage parlor in Springfield, it is where Homer took Marge to distract her while the kids disposed of unwanted peaches. During a massage, Homer revealed his plan to her, but the relaxing experience helped her forget about the peaches."
Luftwaffles,Restaurant,"A waffle house in Springfield, Luftwaffles is designed to resemble a World War I pickelhaube, complete with a giant waffle around the spike. The restaurant is mentioned when the Simpson family considers dining options after church."
M (bar),Bar,"A modern nightclub created by Moe after attending bartending school, M is an upscale version of Moe's Tavern that serves no Duff products. It fails to attract customers due to their snobbish behavior, leading Moe to return to his original bar, Moe's Tavern."
Luigi's,Restaurant and Pizzeria,"An Italian fine dining restaurant and pizzeria located in Springfield's Little Italy, it is owned and managed by Luigi Risotto. The Simpsons frequently order take-out pizza from here, and it is a popular hangout for Fat Tony and the Springfield mafia, known for its preferential customer service and fresh lobster selection."
Lugash's Gym,Gym,"A gymnastic facility owned by Lugash, where characters like Carrie, Tina, and Lisa practice gymnastics."
Luck o' the Irish Wishing Well,Wishing well,"A wishing well in Springfield, owned by a leprechaun, allows people to toss in coins and make wishes. Homer and Bart once hid inside to collect the coins, leading to a confrontation with the leprechaun."
Lower East Side (bus stop),Bus Stop,A bus stop in the Springfield transit system is located on the Lower East Side.
Lower Springfield Lake,,"Lower Springfield Lake is a body of water located in Springfield, often associated with outdoor activities and local events. It serves as a recreational area for the residents of Springfield."
Lower East Side,,"A district in Springfield with a large Jewish community, it features businesses such as Tannen's Fatty Meats, Izzy's Deli, and Temple Beth Springfield. Krusty the Clown grew up here, and it includes a Jewish Walk of Fame."
Louie Jr.,,"Louie Jr. is the son of Louie, a member of the Springfield Mafia, and works under Michael D'Amico and Fat Tony. He is part of the junior mafia associated with the criminal activities in Springfield."
Little Newark,District,"This district in Springfield is mentioned as a bus stop name. It is named Little Newark, likely referencing the real-life city of Newark in New Jersey."
Little Lisa Recycling Plant,Recycling Plant,"A recycling plant owned by Lisa and Mr. Burns was created to help him recover his lost fortune. Made entirely from recycled materials, it produced a controversial product called ""Little Lisa Slurry,"" which was made from sea life and sold as pig food before being sold to a fish stick company for $120 million."
Lotto 'N' Liquor,Shop,"A shop in Springfield that sells lottery tickets and alcohol, Lotto 'N' Liquor is located across the street from Sleazy Sam's Payday Loans and next to Bail Bonds and Beyond."
Little Seattle,,"A district in Springfield, Little Seattle features a smaller version of Seattle's Space Needle, numerous coffee shops, and a vibrant grunge music scene. It is known for its cultural similarities to Seattle and was the venue for Homer Simpson's grunge band, Sadgasm."
Little Bangkok,Springfield District,"A district in Springfield, Little Bangkok is located next to Tibet Town and Chinatown, and is home to a Thai food factory."
Little Ukraine,District,"A neighborhood in Springfield, Little Ukraine is home to the Ukrainian community and features various Ukrainian shops and buildings. Notable businesses include Cossacks Fifth Avenue, Insane in the Ukraine, Tsarbucks, and Trotsky's Ice-Skating Rink."
Little Italy,District,"An ethnic enclave in Springfield, Little Italy is home to Luigi's Italian Restaurant and the Springfield Mafia's clubhouse. Milhouse once visited this district with Lisa, where he helped translate for Luigi, who spoke with a strong Italian accent."
Lisa Simpson Home for Abandoned Animals,Home for abandoned animals,"A home for abandoned animals was established by Bart to help Lisa care for the animals she adopted from a pound. After a mishap with a tiger, the animals were at risk of being euthanized, prompting Bart to organize a benefit concert to fund the creation of this sanctuary."
Lil' Vicki Valentine's School of Dance,,"A dance school in Springfield, it is run by Vicki Valentine, a former child star. Lisa once asked Marge to enroll her there to learn how to dance, and the walls are decorated with posters of Vicki's movies."
Lisa Land,Theme Park,"A planned theme park in Springfield National Forest, Lisa Land was conceived by the Rich Texan as a tribute to Lisa Simpson, whom he mistakenly believed had died. After Lisa protested against the park, a log resembling her head, which was part of the park's design, caused widespread destruction as it rolled through Springfield and beyond."
Lisa's House (future),Residence,"In the future, Lisa Simpson resides in a modern house made primarily of metal, featuring a recycle sign that suggests it is constructed from recycled materials. She lives there with Milhouse Van Houten and her daughter, Zia Simpson, who is often preoccupied with the ultranet."
Li'l Ludwig's Music School,Music school,"A music school in Springfield, Li'l Ludwig's Music School is where Lisa once impressed her teacher with her saxophone skills, despite being told she inherited stubby fingers from her father."
Liquor,Liquor,A liquor store supplied alcoholic beverages in Springfield but went out of business after Fort Springfield was closed. It is unclear if it reopened after the military base resumed operations.
Limited Appeal Theatre,,"A deserted movie theater in Springfield, the Limited Appeal Theatre is largely forgotten by the community. Its lobby features outdated movie posters and possibly stale food, while the screening rooms are in poor condition, with skinny chairs and rotten wallpaper, making for an unpleasant viewing experience."
Linens-N-Such,Shop,"A former home textile shop, Linens-N-Such was one of the many stores where Marge had a voucher before it closed down. It parodies the real-life store Linens 'n Things."
Legs,,"A member of the Springfield Mafia, Legs is known for his catchphrase ""Shut up-a your face!"" and often serves as muscle alongside Fat Tony and Louie. He is characterized by his threatening demeanor and loyalty to his boss, Fat Tony."
Leftorium Express,Shop,"A kiosk located in the Towne Centre, Leftorium Express is run by Ned Flanders, who downsized from a larger store due to competition from the nearby Southpaw Superstore. The kiosk shares space with a makeup store."
Li'l Chapel,Place of consecration,"The Li'l Chapel is a garage at 742 Evergreen Terrace that Homer converted into a place for conducting weddings, initially for homosexual couples. Notable ceremonies include those of Patty Bouvier and Veronica, Julio and Thad, and Cletus and Brandine Spuckler."
Lenny Leonard's house,Residential,"Lenny Leonard's house is a standard single-story home located in the Pressboard Estates district, possibly on Evergreen Terrace, across from the Springfield Stamp Museum. Lenny lived here before moving into his apartment."
LEGOLAND,Theme Park,"A theme park based on LEGO bricks features models of famous buildings constructed from the toy. In Springfield, Mr. Burns dumped nuclear waste beneath the park, causing the LEGO models to come to life, leading to chaotic events such as the United States Capitol chasing children."
Left-Mart,Left-handed goods store,"A superstore specializing in left-handed goods, it competes with the Leftorium. The store is a parody of Walmart."
Legitimate Businessman's Social Club,Springfield Mafia hangout / money launder front,"A hidden underground location, the Legitimate Businessman's Social Club serves as a hangout and money laundering front for the Springfield Mafia. Bart Simpson briefly worked there as a bartender, and the club is known for its illegal activities, including the storage of firearms, counterfeit cash, and drugs, as well as its involvement in shady dealings with Mayor Quimby."
Leavelle's Bodyguard Academy,Bodyguard Training School,"A bodyguard training school owned by Leavelle, it offers courses that include protecting a watermelon as if it were a celebrity and practicing defensive maneuvers against simulated threats. Homer Simpson attended this academy while training to be a bodyguard for Mayor Quimby."
The Leaf Garret,Tea House,"A tea house in Springshire, The Leaf Garret was closed down by health inspectors due to unsanitary conditions, specifically cakes made from rat droppings. Marge and Bart discovered it while riding a bike built for two."
Le Snotterie,Restaurant,"A restaurant in Springfield, Le Snotterie is where Moe had a date and used a love-testing machine located in the men's room to assist him."
Lard Lad Donuts,Donut Shop,"A donut shop in Springfield, Lard Lad Donuts features a giant mascot of a young boy holding a donut. The shop is popular among locals, including Chief Wiggum, and has been depicted in various storylines, including being shut down by a health inspector in The Simpsons Movie."
Le Pamperie Hair Salon,Hair salon,"A hair salon located in Springfield Mall, Le Pamperie is known for its vibrant blue hairstyles. It appears in the episode ""Radioactive Man"" when Maggie mistakenly thinks a woman's hairstyle belongs to Marge."
Lake Springfield,Water sportsFormerly: Discarding pollution,"A highly polluted lake in Springfield, Lake Springfield is known for its mutated fish and was once a dumping site for waste from the nuclear power plant. Efforts to clean it up have been made, but pollution continues to be a problem, leading to environmental interventions."
Larry's Cane Store,Cane Store,"A cane shop in Springfield, it advertises its products to residents of the Springfield Retirement Castle."
Lazy I Ranch,Camp,"A dude ranch owned by the Rich Texan, Lazy I Ranch is where the Simpson family once visited. Lisa was initially unhappy due to the ranch's history of Native American lives lost, but her experience changed after meeting Luke Stetson. The ranch features activities like barn dances and is located near Native American land."
Le Petite Appétit,Restaurant,"A French restaurant in Springfield, Le Petite Appétit is where Lisa and Nick once had a date with other children. During the visit, Lisa imagined she was in France while the waiter served them apple juice."
La Maison Derrière,Burlesque House,"A burlesque house in Springfield, La Maison Derrière is owned by Belle and features gambling, drinking, and entertainment. Bart Simpson has worked there in various roles, including emcee, while the establishment has attracted a diverse clientele, prompting community controversy and a town meeting led by Marge Simpson to address its existence."
Law in Springfield,,"Springfield has a variety of laws, including local regulations and standard U.S. laws. Notable laws include the town charter that allows food dropped on the ground to be claimed by the village idiot, the legalization of gambling to boost the economy, and the legalization of same-sex marriage to attract tourism. Additionally, there are laws regarding illegal immigration, a brief period of marijuana legalization, and various quirky regulations such as banning hatless individuals during daylight hours."
Krustylu Studios,Media,"The television studio in Springfield where ""The Krusty the Klown Show"" is recorded is known as Krustylu Studios. It is located near the Channel 6 studio lot, across the street from the box factory, and was once owned by an unknown chairman before being bought by Channel 6."
Krustyland,Theme park,"A theme park owned by Krusty the Clown, Krustyland features various attractions, including the infamous ""Simpsons Ride."" The park has a reputation for dangerous rides, which Krusty claims were not responsible for any visitor injuries."
Kwik-E-Mart,Supermarket,"A convenience store in Springfield, the Kwik-E-Mart is managed by Apu Nahasapeemapetilon, with occasional help from Sanjay. The store is known for its outrageous prices and has been depicted in various future scenarios involving Apu's children."
La Belle Frottage Casino,Riverboat casino,"A riverboat casino located in Springfield, La Belle Frottage Casino was where Marge, Ned, Helen, Rev. Lovejoy, Sideshow Mel, and Agnes counted cards to raise money for the rebuilding of the First Church of Springfield."
Krusty's Clown College,,"A college that trains individuals to become clowns, Krusty's Clown College was founded by Krusty's accountant to help alleviate Krusty's financial troubles. The college has been taken over by Fat Tony as part of Krusty's debt repayment and has shifted its focus to training clowns to rob from children after performances."
Krusty Burger,Fast Food Restaurant,"A fast-food burger restaurant chain founded by Krusty the Clown, Krusty Burger has multiple locations across the United States and even in Paris, France. Known for its unhealthy menu items, the restaurant has faced various controversies, including a disastrous promotion during the 1984 Olympics and a brief period when it was taken over by the IRS."
Krusty's Kids Daykare,,"A daycare center owned by Krusty the Clown, it charged a basic fee of $1,000 per month, with additional costs for diaper changes. Marge considered leaving Maggie there but ultimately decided to start her own daycare due to its high cost and low quality."
Krusty's Mansion,Residential,"Krusty's Mansion is the residence of Krusty the Clown, who once had to auction off his possessions after being arrested for tax fraud. The mansion features a swimming pool where Krusty keeps shrimp, as he does not swim."
Krusty's Kristmas On Ice,,"A limited-time stadium hosts the show ""Krusty's Kristmas On Ice,"" with admission prices set at $40 for adults and $39 for children."
Krusty Burger Oil Rig,Fast Food Chain,"A fast food restaurant located on an offshore oil rig, Krusty Burger Oil Rig was initially deemed unviable due to its remote location. However, it became a temporary refuge for Homer, Bart, Ned, and Rod when they got lost at sea and discovered the burgers."
Krusty's Apartment,Apartment,"Krusty's Apartment is where Krusty the Clown lived, as seen in the first season episode ""Krusty Gets Busted."" Later episodes depict him residing in a house instead."
Edna Krabappel,,"A fourth-grade teacher at Springfield Elementary, Edna Krabappel was known for her sharp wit and catchphrases. She had a tumultuous personal life, including a marriage to Ned Flanders after the death of her previous partner, and was characterized as a heavy smoker and occasional drinker. Edna passed away in 2013, following the death of her voice actress, Marcia Wallace."
Klub Krusty,Adult Retreat,"An adult recreational retreat, Klub Krusty was built on the site of the former Kamp Krusty. It features attractions like a kids' club, a spa, and various adult activities, allowing parents to relax while their children play."
Korea Town,Springfield District,"A Korean district located in downtown Springfield, Korea Town features various Korean businesses and cultural elements."
Kliff's Kar Chalet,Car Dealership,"A car dealership in Springfield, Kliff's Kar Chalet is where the Simpson family purchased a car after Bart fabricated a story about a burglar stealing their Christmas gifts, prompting the townspeople to generously support them."
Kentucky Fried Panda,Fast food restaurant,"A fast food restaurant in Springfield, Kentucky Fried Panda served panda meat and was destroyed twice: first by the collapse of the Lisa-land log tower and later by a chain reaction caused by Homer throwing away a leaky car battery. The restaurant is a parody of Kentucky Fried Chicken and Panda Express."
Kozy Kabins,Lodge,"A lodge of cabins in Springfield, Kozy Kabins has been visited by Homer and Marge on three occasions, including trips with the Flanders family and their children, Lisa, Bart, and Maggie."
King Toot's Music Store,Instrument Store,"Springfield's premier music store offers a wide variety of instruments and is located next to Moe's Tavern. Lisa has purchased both of her saxophones from King Toot's, and Homer once got a saxophone reed there for her recital."
King Lute's,Lute store,"A lute store located in the kingdom of Springfieldia, King Lute's appears in ""The Serfsons"" and is situated next to Moe's Tavern. It serves as a parody of King Toot's music store."
KJAZZ,Radio broadcasts,"A jazz music station in Springfield, KJAZZ has 152 listeners and plays music in memory of Bleeding Gums Murphy, thanks to a saxophone album gifted by Lisa Simpson."
Kidstown USA,Toy store,"A children's toy store located inside the Springfield Mall, it features a variety of toys including Sergeant Thug's Mountaintop Command Post and Malibu Stacy dolls. The store also stocks the highly-anticipated Lisa Lionheart doll, which faced competition from a reworked Malibu Stacy on its release day."
Kamp Krusty (location),Summer Camp,"A summer camp for kids, Kamp Krusty is depicted as having harsh conditions, with nature hikes described as grim and the arts and crafts center likened to a workhouse. Bart and Lisa Simpson express their despair, hoping for rescue from the camp's dismal environment."
Kent Brockman's mansion,Residential,Kent Brockman's mansion is a luxurious residence that he purchased after winning the Springfield lottery. It serves as the home of the local news anchor in the Simpsons universe.
Karl's Apartment,residential,"A luxurious, modern apartment serves as the residence of Karl, who is seen throughout Springfield in later episodes. His apartment first appears when he calls Homer about an anniversary present."
Karate,Karate school,"A karate school in Springfield is led by Akira, who teaches martial arts. Marge and Homer visited the school to learn karate, where Akira demonstrated his skills by defeating Marge and playfully torturing Homer."
Karma-Ceuticals,New Age treatments,"A New Age shop offers various treatments and life aids from different cultures, including dream catchers and herbal teas. Lisa Simpson visited in search of stress relief, leading to an experience with sensory deprivation tanks, but the store faced financial difficulties and was at risk of closing."
Just Vinegar,,"A store that exclusively sells vinegar appears in the episode ""Sex, Pies, and Idiot Scrapes."""
Just Crichton and King Bookstore,Bookstore,"A bookstore located within Springfield International Airport, it exclusively sells books by Michael Crichton and Stephen King. An encounter with an employee revealed that it does not carry works by Robert Ludlum."
Just Rainsticks,Rainsticks,"A store located at Springfield Squidport, it specializes in selling rainsticks."
Johnny Tightlips' daughter,,"The daughter of Johnny Tightlips was seen attending a daddy and me class with Homer and Maggie Simpson, as well as Frankie the Squealer and his son. She bears a strong resemblance to Poonam Nahasapeemapetilon."
Junkyard,Junkyard,"A junkyard in Springfield is where Cletus collects dead animals, which he intended to use for a wedding feast. Lisa once found herself there after taking the wrong bus and asked Cletus for a ride to the museum, but she ran away when she realized she would have to sit with the dead animals."
Just Half-Capes,Cape shop,"A cape shop located in the kingdom of Springfieldia, Just Half-Capes was featured when Homer and others participated in stoning Snake for his ability to read."
The Jerky Hut,,"A store located in the Springfield Mall, The Jerky Hut specializes in meat products and has been known to advertise sausage sales."
Johnson's Teleporters,Teleportation business,"A business that sells teleporters is featured in the future setting of Springfield, as seen on a billboard in downtown."
Johnny Fiestas,Restaurant,"A restaurant in Springfield, Johnny Fiestas is where Marge first met Tammy and her cheery red tomatoes to gossip about their husbands."
Jebediah Springfield Park,Park,"The central park in Springfield features the Springfield Bowl, paddle-boating, and picnic areas. It is known as Jebediah Springfield Park."
Jetpack Disposal Center,Jetpack disposal center,"A facility in Springfield dedicated to the disposal of jetpacks. It is featured in the episode ""Sky Police."""
Jewelry My Sister Made,,"A shop located in the Promenade on the Grove at Springfield Heights, it specializes in handmade jewelry created by Lisa Simpson's sister, Maggie."
Joe's vs Moe's,,"Joe's and Moe's are rival pubs located in Shelbyville and Springfield, respectively, known for their competitive atmosphere and local popularity."
Jazzy Goodtime's,Jazz Club,"A jazz club in Springfield, Jazzy Goodtime's features a children's jazz band performing during brunch. Customers can request the waiter to scat sing the menu, and it is where Bart began his journey to becoming a famous drummer, causing jealousy in Lisa."
The Jazz Hole,Jazz club,"A jazz club where musicians perform, the Jazz Hole is known for hosting Bleeding Gums Murphy, who often played there. Lisa once took her family to enjoy his music, and she returned seeking culture when she feared losing her intelligence."
J.R.R. Toykin's,,"A toy shop in Springfield, J.R.R. Toykin's is visited by Ralph and Bart after they steal Chief Wiggum's key to the town. The name is a pun on the author J.R.R. Tolkien."
Itchy & Scratchy Land (Theme Park),Amusement park,"An amusement park themed around the Itchy & Scratchy cartoon, Itchy & Scratchy Land is known for its simulated violence and chaotic attractions. The park features various themed areas, including Torture Land and Explosion Land, and offers rides like the Head Basher and Itchy's Mine Field Log Ride. On its opening day, the animatronic characters malfunctioned, leading to a chaotic evacuation, but the Simpsons managed to save themselves using cameras to exploit the robots' sensitivity to flash photography."
Izzy's Deli,Deli / restaurant,"A deli located in Springfield's lower east side, Izzy's Deli features sandwiches named after celebrities, including one for Krusty the Clown. The owner, Izzy Kadetz, and his wife Rose are known for their snarky interactions with customers."
Itchy & Scratchy International,Cartoon studio,Itchy & Scratchy International is the studio where the Itchy & Scratchy Show cartoons are produced. It is modeled after the real-life building where Film Roman creates animated content.
Its a Wonderful Knife (store),Shop,"A store located at Springfield Squidport, It’s a Wonderful Knife specializes in selling knives."
The Itchy & Scratchy Store,Shop,"A store selling a variety of merchandise and souvenirs from the cartoon ""Itchy & Scratchy,"" including t-shirts, toys, and collectibles, as well as discounted Poochie items."
It Blows,Store,"An air conditioner store located on Walnut Street in downtown Springfield, It Blows was considered by Homer for a new air conditioner before he opted to buy a saxophone for Lisa instead."
Isotope Stadium,Baseball Stadium,"A baseball stadium in Springfield, it serves as the home field for the Springfield Isotopes."
IRS (building),Taxation,"The IRS building in Springfield serves as the regional office of the Internal Revenue Service, overseeing taxation and ensuring compliance. Homer Simpson was once brought here after failing to file his taxes properly."
Inspiration Point,Lovers' lane,"This lovers' lane in Springfield is a popular spot for couples to make out in their vehicles, as well as for teenagers. Notable events include Homer proposing to Marge there, and Artie Ziff making unwanted advances on her after prom."
Industrial Road,Street,"Located in the southern part of Springfield, this road features the Springfield Nuclear Power Plant and a rendering plant in the Rat's Nest neighborhood. Bart once purchased a factory at 35 Industry Way, which was later destroyed, and bus route 22A services this area."
Indian Nerd,,"A student at Springfield Elementary, the Indian Nerd is part of a group of outcasts who gather in a hidden room known as the ""refuge of the damned."" This location serves as a sanctuary for nerds, where they can escape from bullies."
International House of Answering Machines,,"A store located in Springfield Mall, the International House of Answering Machines specializes in selling answering machines and other communications equipment. Its name is a play on the International House of Pancakes (IHOP)."
Indian Burial Mound,Burial Mound,"An old and hidden burial mound is located in Springfield, discovered by Bart and Lisa while cycling. They initially kept it a secret, but Bart later revealed it to Milhouse, which upset Lisa."
Hiram Simpson's house,Residential,"Hiram Simpson's house is the residence of Hiram, Mabel, and their daughter Eliza. The family became involved in a plot to help a slave named Virgil escape to Canada, leading to a confrontation with Colonel Burns."
Highway Nine Bird Sanctuary,Bird sanctuaryTourist attraction,"A bird sanctuary located in Springfield, it features a high bird feeder shaped like a diner. Visitors often face aggressive birds seeking birdseed, as highlighted by a scene where Hans Moleman requests a large seed bell."
Hibbert Moneymaking Organization,Medical Practice,"A medical practice run by Dr. Julius Hibbert, this organization provides various health services, including optometry. It is featured in the episode ""The Last Temptation of Homer,"" where Marge takes Bart for an eye examination."
Insane in the Ukraine,Mental Health Hospital,"A mental health hospital located in Springfield's Little Ukraine district, it is referenced in the episode ""The Falcon and the D'ohman."" The facility is notable for its connection to Wayne Slater, who passed by it while on a mission to rescue Homer."
Hemp City,Clothes store,"A clothing store that sold hemp-made apparel, Hemp City was destroyed when Lisa's land log traveled through Springfield. Its destruction upset fans of the store, including members of the band Dirt First."
Heinrich's Monocle Shop,,"A shop in Springfield, Heinrich's Monocle Shop was previously located where a now-closed cheap gun store stands. In Season 23, a bus stop is seen in front of it."
High-Pressure Tire Sales,Mechanic,"A mechanic business specializing in high-pressure tire sales employs questionable practices to deceive customers into spending more money. Homer Simpson was misled into purchasing new tires after being told his were defective, while Wally Kogen was also scammed into buying a useless product."
Hickton,,"A district of Springfield, Hickton is known for being the location of one of Snake's hideouts, where he once held Homer and Gloria hostage. Cletus alerted the police to their location, suggesting he may also reside in Hickton."
Heavenly Hills Mall,Shops and restaurants,"A shopping mall located in Springfield, Heavenly Hills Mall was built in Sabertooth Meadow, where Lisa Simpson initially protested due to fossil discoveries. The mall's owners staged a hoax involving a fake angel skeleton to promote the mall, claiming it signified the end of high prices."
Hellman Avenue Medical Plaza,Medical center,"A medical center in Springfield, Hellman Avenue Medical Plaza is where Marge and Homer took their children for flu shots from Dr. Hibbert. Hans Moleman was also a patient there, waiting for a kidney transplant."
Halloween Stage,Stage for introductions,"The Halloween Stage is featured at the beginning of several ""Treehouse of Horror"" episodes, where characters like Marge and Homer introduce the spooky content. Marge often warns viewers about the frightening nature of the episodes, advising parents to tuck their children in before watching."
The Hate Box,Night Club,"An underground techno and industrial rave club in downtown Springfield, this nightclub is frequented by goths, punks, and social outcasts. Marge visits the Hate Box with Ruth Powers, where she encounters Otto and Mayor Quimby, who is dancing with body paint and glow sticks."
The Happy Sumo,Restaurant,"A Japanese restaurant located on Elm Street, The Happy Sumo offers a variety of sushi, including the potentially deadly fugu, which can only be prepared by the master sushi chef. The restaurant also features karaoke and provides a map to the hospital on its menus for fugu-related emergencies."
The Happy Sailor Tattoo Parlor,Tattoo Parlor,"Located inside Springfield Mall, this tattoo parlor is where Bart Simpson attempted to get a tattoo of the word ""mother."" Marge intervened before it was completed, leading to a costly tattoo removal procedure."
Halloween Headquarters,Halloween store,"This Halloween store changes its theme seasonally and was previously known as the Columbus Day Headquarters. It is located across the street from the official Halloween Headquarters, suggesting a rivalry between the two."
Hamburger Heaven,Burger Restaurant,"A fast food restaurant in Springfield, Hamburger Heaven serves a variety of burgers."
Hairy Shearers,Barber shop,"A barber shop in Springfield, Hairy Shearers is where Homer learns about the salon's financial struggles while trying to help Marge with her hair. Julio works at this location, and there are at least two Hairy Shearers in Springfield."
Hal's Liquor,Liquor Store,"A liquor store located in Springfield, Hal's Liquor is featured in episodes such as ""Poppa's Got a Brand New Badge."""
Haile Delicious Ethiopian Food,Restaurant,"A restaurant located in Little Ethiopia, it serves traditional Ethiopian dishes such as zilzil minchet alicha wot, doro wot, and kifto sandwich. The establishment is visited by Marge, Bart, and Lisa in the episode ""The Food Wife."""
Half-Man Half-Ape Burgers,Hamburger Stall,"A hamburger stall located in Springfield National Forest, it sells burgers and was established following sightings of Bigfoot."
Hal Roach Apartments,Senior apartments,"An apartment building located in the Cemetery District, it serves as a residence for retirees, including Jacqueline Bouvier and Dorothy. The Hal Roach Apartments are named after the American film and television producer known for the Laurel and Hardy and Our Gang series."
Gulp 'n' Blow,Fast food restaurant,"A fast food restaurant in Springfield, Gulp 'n' Blow offers drive-thru service and features items like tacos and onion rings. Homer Simpson worked there when he and Marge were newlyweds, and he later quit to reapply at the Springfield Nuclear Power Plant after Marge reassured him of her love."
Hailstone's,Department Store,"A department store located next to Springfield Mall, Hailstone's shares a parking lot and an enclosed walkway with the mall. Its exact relationship with the mall is unclear, as it is sometimes absent in exterior shots of the mall."
Groundskeeper Willie,,"The groundskeeper and janitor at Springfield Elementary School is a Scottish character known as Groundskeeper Willie. He supervises the children during recess and is often seen with his distinctive red hair and thick accent, having a complicated relationship with Principal Seymour Skinner."
Guinea Pig Rescue Center,Guinea pig rescue center,"A guinea pig rescue and adoption center is located in Crystal County, just outside the Springfield city limits. Lisa adopted a guinea pig named Pokey from this center."
Guitar Central,Musical instrument store,"A musical instrument store in Springfield, Guitar Central is where Homer and Lisa shop for instruments after King Toot's is closed. An employee named Stig sells Homer various items, including a bass guitar."
Groovetone Records,Recording studio,"A recording studio in Springfield, Groovetone Records is where Homer, Lenny, Carl, and Lou recorded their songs before forming the band Sadgasm."
Gum for Less,Retail,"A retail store located in the Springfield Mall, it specializes in selling various gum products. It is situated next to Lionel Hutz's law firm, ""I Can't Believe It's a Law Firm!"""
Greektown,,"A district in Springfield, Greektown is mentioned by Chief Wiggum when he asks for gyros while pretending to communicate with a dispatcher. Its existence is questionable, as it has never been shown in the series, leading to speculation that it may be nonexistent."
Greek Town,Fast Food Restaurant,"A fast food restaurant located in the Springfield Mall food court, Greek Town offers a variety of Greek cuisine. It is part of a diverse selection of eateries within the mall."
Greek Orthodox Church,Church,"An Orthodox church located on the Springfield town square, it is featured during the Western Catholic Easter celebration, where citizens gather and women wear colorful hats. An Orthodox bishop is seen in front of the church, marking Palm Sunday."
Grandma's World,Shop,"A retail store in Springfield, Grandma's World offers a variety of items catering to older customers, including hard candies, picture frames, doilies, seashell soaps, and potpourri. Abraham Simpson once shopped here for a gift for his girlfriend, Beatrice Simmons."
Grassy Hilled Area,Natural Grounds,"A grassy hilled area on Elm Street is where Bart and his friends, Jimbo, Kearney, and Dolph, often gather to look at clouds."
Goose's Gags and Gifts,Novelty Store Chain,"A chain of novelty shops owned by Goose Gladwell, Goose's Gags and Gifts is known for its humorous merchandise, including rubber chickens and magic 8-balls. The store gained national attention when Bart's t-shirts, distributed by Goose, became popular and were eventually purchased by the Disney corporation."
Grease Recycling Plant,Grease recycling,"A grease recycling plant in Springfield allows residents to recycle used cooking grease. Homer and Bart once took their cans of grease there, where an employee weighed them and paid Homer sixty-three cents."
Greaser's Cafe,Restaurant,"A 1950s-themed diner, Greaser's Cafe featured car-shaped tables and served classic diner food. The restaurant hosted nightly dance competitions, with a Harley Davidson motorcycle as the prize, which Homer and Marge won shortly before it went out of business."
Goodbye Kitty,Store,"A store located in the Springfield Mall, Goodbye Kitty is a parody of the popular Hello Kitty brand."
Golf 'N' Die Retirement Village,Retirement Village  Golf,This retirement village features a golf course and is frequented by Harlan Dondelinger. Homer and Bart once visited him here to discuss his election cheating.
Goldsboro's Honey,Honey production,"A honey production business that keeps bees, Goldsboro's Honey is known for an incident where the bees left the location to gather sugar from a pile outside 742 Evergreen Terrace, the home of Homer Simpson."
Gold Navy,Shop,"A clothing store located in the Towne Centre at Springfield Glenne, Gold Navy parodies the real-life retailer Old Navy."
Giuseppe's workshop,Workshop,A workshop where Giuseppe creates fireworks.
Gold House,Residential,"Chester Lampwick owns a mansion made of gold, located in the affluent district of Springfield. This opulent residence is known as the Gold House."
Girlesque,Strip joint,"A strip joint in Springfield, Girlesque is named as a play on burlesque. Homer and Bart were misled to believe that Princess Kashmir was performing there."
Girdles N' Such,Lingerie,"A lingerie store located in the Springfield Mall, Girdles N' Such sells fancy lingerie and was considered by Homer as a potential birthday gift for Marge."
The Gilded Truffle,Restaurant,"An elegant, upscale restaurant in Springfield, The Gilded Truffle is known for its truffle dishes and is considered the fanciest restaurant in town. It has been featured in various episodes, including moments where Homer and Marge planned to celebrate their anniversary there, and Homer dined with friends while dreaming of historical events."
Gifts for Sisters,,"A shop located in the Promenade on the Grove at Springfield Heights, Gifts for Sisters specializes in items for female siblings."
Gifts (Itchy & Scratchy Land),Gift store,"A gift shop located in Itchy & Scratchy Land, it sells various merchandise including name license plates and toys of characters like the disgruntled goat, Uncle Ant, and Ku Klux Clam."
Georgio Ourmoney,Clothing store,"A clothing store located at the Towne Centre at Springfield Glenne, Georgio Ourmoney is a parody of Giorgio Armani."
Gifts,Gift store,A gift store located at Springfield Squidport offers a variety of items for purchase.
Gentleman's Club,Gentlemen's club,"A private gentlemen's club in Springfield, it features a warm buffet, color television, and entertainment. The club operates every evening from 8 PM to 2 AM and hosts a special event called ""Tell You Their Real Names Tuesday."""
Geezer Rock,Natural landmark,"A rock formation resembling a face, Geezer Rock was dedicated as a national park in Springfield. Its collapse occurred when Homer Simpson removed a tree from its eye, leading to chaos and the presumed death of Mr. Burns, who ultimately survived."
Gifts (Airport),Gift store,"A gift store is located at Springfield International Airport, offering various items for travelers."
General Store,Store,A general store in Springfield features a design reminiscent of shops from the 1940s. It is notable for being the location where Abe and Jasper were sitting when the air raid siren was activated for the first time in three years due to a comet threat.
Gee Your Hair Smells Terrific Arena,Sports arena,"A sports arena in Springfield, it hosts both basketball and hockey games. The Ice-O-Topes are one of the hockey teams that play there, and Lisa once helped a player score a goal during a game."
Gary's Waterbed Warehouse,,"A waterbed warehouse located in Springfield, it is mentioned in the episode ""The Bart of War"" as being near the tribal lands of local Native American Jim Proudfoot."
Gay Neighborhood,District,"This district features various businesses, including upscale men's clothing stores and bakeries. It is home to residents Julio and Grady, and Homer has lived with them at one point. The area is known for its cable car system and is frequented by Waylon Smithers."
GAO Schwarz,Shop,"A former toy shop located at the Towne Centre at Springfield Glenne, GAO Schwarz was one of the many stores where Marge had a voucher before it closed down. It parodies the real-life FAO Schwarz."
The Frying Dutchman,Seafood restaurant,"A seafood restaurant in Springfield, The Frying Dutchman is owned by Captain Horatio McCallister and features an all-you-can-eat buffet. The menu exclusively offers seafood, and it is known for its poorly-prepared dishes, which led to Homer Simpson's infamous eating spree that nearly bankrupted the establishment."
G. Bannister & Associates,Firm,"A firm located in Springfield, G. Bannister & Associates is featured in the episode ""Lemon of Troy."""
Gavelby's Auction House,Auction house,"An auction house where Homer and Bart attempted to buy the Kissing Lincolns coin, only to be outbid by Mr. Burns. The Simpson family later visited to sell a painting they purchased from the Van Houtens."
Fried Dough,Stall,"A stall at Springfield Squidport, Fried Dough sells fried dough, which is humorously labeled as America's worst legal food and is said to never leave your body."
Fête Accompli,Wedding supply store,"A wedding supply store in Springfield, it is Marge's third favorite and specializes in extreme weddings, including triathlons and zero-gravity events. Marge and Lisa once visited to purchase items for Ned and Edna's wedding party, where they faced criticism from Luann, Helen, and Bernice."
Funeral Parlor,Funerals,"The funeral parlor is located near the Springfield Cemetery and serves as the venue for main funeral services, including Uncle Hubert's funeral. It is staffed by a funeral parlor worker."
Frank Needy & Sons Pawn Shop,Pawn Shop,"A pawn shop in Springfield, it is where Homer pawns Bart's trophies and discovers Grampa's watch in a display case. The shop is owned by Dumlee, who initially offers to dispose of the trophies for ten dollars but later engages in a humorous exchange with Homer regarding a trophy for the best pawn shop."
Freak-E-Mart,,"Apu transformed the Kwik-E-Mart into the Freak-E-Mart after Jasper froze himself in the freezer, selling unusual items with Frostillicus as the main attraction. When the freezer failed and Frostillicus thawed, Apu rebranded the store as the Nude-E-Mart, combining retail with a strip club atmosphere."
Fresh Squeezed Lemonade,Stall,"A stall at Springfield Squidport, Fresh Squeezed Lemonade sells lemonade. Homer, Bart, and Lisa have been seen passing by this stall during their visit to the area."
Freestone Family Peach Orchard,Peach orchard,"A peach orchard in Springfield where visitors can pick their own peaches. The Simpson family visited the orchard, where Bart and Lisa met Ewell Freestone, who entertained them with a lengthy song about peaches."
Four Seasons,Hotel,"A luxury hotel is located in Springfield, where Chloe Talbot stayed during her visit. Lisa once secretly hid in her car to accompany her before leaving the hotel."
Foxy Boxing,strip joint,"A strip joint in Springfield, Foxy Boxing is mentioned in ""Homer's Night Out"" where Homer and Bart are misled about a performance by April Flowers."
Fortune Megastore,Department Store,"A large, multistory department store owned by billionaire Arthur Fortune, the Fortune Megastore offers a wide variety of goods across three levels, including electronics, books, and sporting goods. It features a coffee shop and a children's miniature train ride operated by Gil Gunderson."
Fort Springfield,Military compound,"The main military compound in Springfield is Fort Springfield, where Principal Skinner served as a sergeant during his time in the U.S. Army. Parts of the fort have been preserved as a historical site, which Springfield Elementary School visited for a field trip."
Fort Fragg,U.S. Army Base,"A U.S. Army base located near Springfield, Fort Fragg features areas such as a shower room and a tank hangar. Bart Simpson once infiltrated the base, stole tank keys, and hijacked a tank, causing chaos in Springfield before shooting down a satellite."
Fort Sensible,Museum,"A historical building in Olde Springfield Towne, Fort Sensible is named after a captain who was killed by the enemy after being sent out to negotiate. The fort's name reflects the tragic outcome of that decision."
Forgotten Amos Cookies,Store,"A cookie store located in the Towne Centre at Springfield Glenne, Forgotten Amos Cookies has at least three locations in Springfield, with two situated in the Towne Centre."
The Forbidden Barn,Store the Movementarian spaceship,"A barn at the Movementarian farm is said to house a spaceship that promises to take followers to a planet called Blisstonia. When Homer attempts to reveal the truth, he discovers the spaceship, but it ultimately falls apart, exposing the leader's fraudulent intentions."
Flancrest Enterprises,,"An online small business owned by Ned and Maude Flanders, Flancrest Enterprises specializes in selling religious hook-rugs. Homer discovers the business after mistakenly receiving Ned's mail, which inspires him to start his own venture, Compu-Global-Hyper-Mega-Net."
Fool Locker,Shoe store,"A shoe store located in Springfieldia, Fool Locker is featured in the episode ""The Serfsons."" It parodies the American footwear and sportswear chain Foot Locker."
Flanders family's bomb shelter,Bomb shelter,"A bomb shelter is located in the backyard of the Flanders family's home at 744 Evergreen Terrace. During a comet scare, the Simpson family and other Springfield residents sought refuge there, but the shelter was ultimately destroyed when a weather balloon caused its collapse."
Flickeys,Family Restaraunt,"A family restaurant, Flickey's is mentioned during the Simpsons' trip to Itchy & Scratchy Land, where they see multiple signs advertising its distance. Bart expresses a desire to stop there, but Homer declines, and they learn the next Flickey's is 25,000 miles away."
Fit Tony,,"After the death of Fat Tony, his cousin Fit Tony moved from San Diego to Springfield to take over the Springfield mafia. Initially in good shape, he eventually began to overeat due to the pressures of his new role, leading to his transformation into Fat Tony, resembling his late cousin."
First Church of Springfield,Place of Worship,"A Protestant Christian church in Springfield, it is affiliated with the Western branch of American Reform Presbylutheranism. Reverend Lovejoy serves as the church's pastor, and many residents regularly attend services."
Florence of Arabia,Strip club,"A strip club located in Springfield, Florence of Arabia is situated next to the Ye Olde Off-Ramp Inn. Homer and Bart visit the club in search of Princess Kashmir, only to be directed to April Flowers at the nearby Girlesque."
Food Court,Food court,"Located in Springfield Mall, the food court features various dining options including Crouching Tiger Hidden Eggroll, Moe's Express, and The Picky Vegan. It has restrooms nearby and provides access to a hallway leading to an exit."
Fiesta Terraces,Residental,"An apartment complex located off a turn when heading towards the power plant, it is home to Jacques, a man who once pursued Marge Simpson. Their relationship began when they met at the Bowlarama, where Jacques offered her bowling lessons, leading to romantic tension before Marge ultimately chose to stay with Homer."
Fireworks Testing Range,Fireworks testing,"A field trip destination for Springfield Elementary School, the fireworks testing range is located near the route taken by the school bus on its way to the box factory."
"Fireworks, Candy, and Puppy Dogs Store",Shop,"A store that sells fireworks, candy, and puppies, it features barking puppies in the windows and is located next to the Springfield Retirement Castle."
First Church of Lard Lad,Church,"A church located in Springfield, the First Church of Lard Lad was formerly a Lard Lad Donuts. It is briefly seen in the episode ""Holidays of Future Passed."""
First Bank of Springfield,Bank,"A major financial institution in Springfield, this bank offers credit, debit, savings accounts, loans, and mortgages. Homer and Marge frequently visit the First Bank of Springfield, where various events, including a robbery and investment mishaps, have occurred."
First A.M.E. Church of Springfield,Place of Worship,"A predominately African American church in Springfield, this African Methodist Episcopal Church is part of the AME denomination. It is known for its community involvement and has been featured in episodes where characters seek help from Dr. Hibbert."
FBI Springfield Branch,Federal law enforcement,The federal bureau of investigation building in Springfield focuses significantly on alien invasions. Homer Simpson was taken there by agents Dana Scully and Fox Mulder for testing after he believed he saw an alien.
Fat Tony's house,Residential,"A large mansion located at 5C International Waters Road, Fat Tony's house features numerous expensive statues. It serves as the residence of the mobster Fat Tony."
Fast-Food Boulevard,Restaurants,"A collection of fast food restaurants, Fast-Food Boulevard was established in 1972 and was a prominent dining area in Springfield until its destruction in 2008."
Festival of Books,Outdoor book fair,"An outdoor book fair in Springfield features famous authors like Stephen King and Maya Angelou, who sign books and give talks. The festival also includes appearances by Krusty the Clown, who promotes his children's book, and serves as a backdrop for Lisa's birthday celebration in the episode ""Insane Clown Poppy."""
FAO Quartz,,"A store that specializes in healing crystals, FAO Quartz offers a variety of metaphysical products."
Farmer Billy's Bacon Factory,Factory,"A bacon factory owned by Farmer Billy, it produces Farmer Billy's bacon. Homer once entered a contest to win a trip to the factory by finding a golden ticket."
Executive Washroom,Bathroom,"A luxurious bathroom located in the Springfield Nuclear Power Plant, the executive washroom features opulent amenities such as a waterfall and a band of classical musicians. Homer Simpson gained access to this exclusive facility after impressing Mr. Burns, contrasting it with the poor condition of the regular restroom."
Family Therapy Center,Psychological Therapy Clinic,"A psychological therapy clinic owned by Dr. Marvin Monroe, the Family Therapy Center offers psychological therapy services. The Simpson family once visited for a session that included electric shock therapy, and they received a refund due to their inability to stop fighting."
Fab Abs,Gym,"A gym located in Springfield's gay neighborhood, Fab Abs is where Homer once walked by while searching for Julio and Grady's apartment. He commented on the figurines in the showcase, suggesting that the owners likely never had children."
Evergreen Terrace (Simpsons Road Rage),,"Evergreen Terrace is the residential street where the Simpson family lives, featuring their iconic house at 742 Evergreen Terrace. It is a central location in the series, often depicted in various episodes."
Expressions,Performing arts camp,"A performing arts camp that focuses on dance, song, and painting, Expressions was attended by Lisa for a week. Counselors include Kurt Hardwick and Ethan Ballantyne."
FaceStuffers,Restaurant,"A restaurant in Springfield, FaceStuffers serves a unique dish of ground beef, eggs, peppers, mushrooms, and cheese smothered in tomato sauce, all served on wax paper without silverware or plates. It was closed down after a health inspector died."
Family Fun Center,Amusement park,"A small amusement park in Springfield features a video game arcade, batting cages, and a go-kart track. The arcade offers games like skee-ball and various video games, with tokens that can be exchanged for prizes."
Evergreen Terrace,Residential street,"Evergreen Terrace is the residential street where the Simpson family lives at 742 Evergreen Terrace, with Ned Flanders residing next door at 744. The street has its own exit off the highway and has been home to notable residents, including former presidents George Bush and Gerald Ford."
Evergreen Terrace Cliff,Cliff,"A cliff located on Evergreen Terrace, it is known for an incident where Bart Simpson fell while trying to catch a football but survived with minor injuries."
Ethnic Princess,,"A section in the parking lot of a theme park, the Ethnic Princess is where the Simpsons parked during their visit to Diz-nee Land."
Ethnictown,Suburb,"A suburb of Springfield, Ethnictown is known for its immigrant population and vibrant street life. The area features various merchants, including a man selling apples and a gypsy fortuneteller, reflecting the diverse culture and community."
Entertainment District (Simpsons Road Rage),District,"The Entertainment District features various attractions and entertainment venues in Springfield, including arcades and theaters. It is a lively area where residents and visitors can enjoy recreational activities."
Enriched Learning Center for Gifted Children,Education,"A school for gifted children, the Enriched Learning Center provides advanced education for prodigious students. Bart Simpson briefly attended this school after cheating on an IQ test but later returned to Springfield Elementary after realizing he didn't fit in."
End of the Line,Bus stop,"The last bus stop of route 22A is located in the middle of the desert, where Lisa once found herself after taking the wrong bus. She expressed regret for not getting off in Crackton."
Escalator to Nowhere,Art Structure,"An escalator that leads to nowhere is located near the Springfield monorail, a 50-foot magnifying glass, and the popsicle stick skyscraper. It serves as a notable art structure in the city, appearing in various video games and episodes, including ""Marge vs. the Monorail."""
Elm Street,,"Elm Street is a road in Springfield that features the Kwik-E-Mart and the Elm Street Video Arcade. It is also the location of the old Springfield subway stop and is associated with various other establishments, including the Springfield Library and the Springfield Shopper building."
Electronics,Electronics retailer,"A store located in the Springfield Mall, it specializes in electronics."
Elizabeth Hoover's House,Residential,"The home of Elizabeth Hoover is located next to the Van Houtens on Pikeland Avenue. Apu Nahasapeemapetilon once dropped her off after a date, where she expressed her enjoyment of their time together."
Elm Street Video Arcade,Arcade,"A video arcade located on Elm Street in Springfield. It is featured in the episodes ""Bart the General"" and ""A Star is Torn."""
"Electronics, Etc.",Shop,"An electronics store located in the Springfield Mall, Electronics, Etc. offers a variety of electronic products."
Elec-Taurus Dealership,Purchasing electric vehicles,"A car dealership in Springfield, it specializes in selling electric vehicles, including the Elec-Taurus, which Homer famously totaled by driving it into the ocean."
Earth,Planet,"Springfield is located on Earth, the third planet from the sun and the only known astronomical object that supports life. It is often depicted in the series, with characters like Kang and Kodos observing it from space."
El Chemistri,Restaurant,"The most exclusive restaurant in Springfield is located on West Oak Street, opposite a bad neighborhood. Known for its scientific approach to cooking, it features a laboratory kitchen and requires customers to pay for reservations, with gratuity added for larger parties."
East Oak Street,Street,"East Oak Street is a rundown area in Springfield, known for its strip clubs, including Classy Girls and Silicon Alley. It has been visited by Homer Simpson and is located opposite West Oak Street."
Eatie Gourmet's,Grocery store,"A gourmet grocery store in Springfield, Eatie Gourmet's offers a variety of products and promotes free samples to customers. The Simpsons frequently enjoy a Sunday brunch there, taking advantage of the free samples, and Homer once bought a live lobster named Pinchy from the store."
East Springfield,,"East Springfield is a suburb of Springfield and one of its districts, known for having a local softball team. The Muntz family resides in this area."
Echo Canyon (location),Natural Landmark,"A natural landmark in Springfield, Echo Canyon is known for its distinctive yellow appearance. The Simpsons visited this location during a family vacation, which was featured in the Tracey Ullman short ""Echo Canyon."""
The Ear Piercery,Ear Piercing,"An ear piercing business located in the Springfield Mall, it is seen when Homer is searching for a gift for Marge."
Duff Gardens,Theme Park,"An amusement park themed around Duff Beer features attractions like the Little Land of Duff, where guests ride boats on a questionable liquid, and the Duff Beer Hall of Presidents, showcasing animatronic versions of U.S. presidents. Other attractions include the Beeramid, the Beerquarium, and various rides, all designed to provide a humorous and satirical experience."
Edna's Edibles,,"A shop opened by Edna Krabappel after her dismissal from Springfield Elementary, Edna's Edibles was her dream venture inspired by a self-help book. The store faced financial struggles, and Edna's true passion remained teaching, which she returned to after regaining her job."
Duff Brewery,Beer factory,"The Duff Brewery is where Duff Beer is produced and offers popular tours that often include free beer samples. It was originally located on an island in the river, but closed down when alcohol was outlawed in Springfield."
Dr. Zitsofsky's Dermatology Clinic,Dermatology clinic,A dermatology clinic run by Dr. Zitsofsky is located next to the Happy Sailor Tattoo Parlor. Marge brought Bart here to have his tattoo removed.
Duff Stadium,Baseball stadium,"The stadium where the Springfield Isotopes play baseball was originally known as Duff Stadium before being renamed Isotope Stadium. Homer Simpson famously held hunger strikes here when he learned the Isotopes were moving to Albuquerque, and the team eventually won the pennant despite a history of poor performance."
Duff Center Arena,Events,"An arena in Springfield shaped like a beer bottle top, it hosts various events, including a dinosaur show called ""Sitting with Dinosaurs."" The venue is known as the Duff Center Arena."
"Dr. Julius Hibbert, M.D. Family Practice",Medical office,"A medical clinic run by Dr. Julius Hibbert, this family practice serves patients in Springfield. The office is often confused with Springfield General Hospital, as both locations feature identical exam rooms."
The Drunk Paralegal Karaoke Supplier,Karaoke store,"A shop located in Springfield Mall, it specializes in karaoke accessories. Marge, Seymour Skinner, and Agnes Skinner visited to find songs for a school karaoke night."
Dr. Nick Riviera's Blood Bank,Blood Bank,"A blood bank operated by Dr. Nick Riviera, it is humorously mistaken for a vampire lair by Groundskeeper Willie. The facility is featured in the episode ""Lisa the Vampire."""
Dr. Monroe's Family Therapy Center,Therapy (closed),"A clinic owned by Dr. Marvin Monroe, it offered family therapy with unconventional methods, including electroshock therapy. The Simpson family briefly attended but received a refund after failing to resolve their conflicts."
Dr. Nick's Walk-In Clinic,Clinic,"Dr. Nick's Walk-In Clinic is run by Dr. Nick Riviera and is known for its slogan, ""We stitch and don't snitch."" The clinic is frequented by criminals and those seeking discreet medical attention, and it was notably destroyed in the episode ""Trilogy of Error"" due to a fireworks accident."
Diz-Nee Land,Amusement Park,"A popular amusement park in Springfield, Diz-Nee Land features numerous family-friendly rides and attractions. However, it is known for its unsettling costumed characters and questionable business practices, including extreme measures against guests who overstay their welcome."
Diz-Nee Historical Park,Historical park,"A Civil War site located at Fort Springfield, this historical park was once free to the public but is now operated by a company that charges entry fees. Bart's class visits for a field trip to watch a reenactment, leading to a chaotic escape when Principal Skinner refuses to pay the fee."
Downtown Springfield,District,"The central business district of Springfield features the town square, which is home to the statue of Jebediah Springfield. Notable locations in Downtown Springfield include the Android's Dungeon, Aztec Theater, Springfield Municipal Building, and Moe's Tavern."
Downtown (Simpsons Road Rage),,"Downtown Springfield is a bustling area featuring various shops, businesses, and attractions. It serves as a central hub for the town's activities and is often depicted in various episodes of the series."
Donny's Discount Gas,Gas station,"A gas station located across from the Springfield City Zoo, Donny's Discount Gas is owned by Donny, who is a close friend of Marge. The station is known for its low gas prices, specifically eight-tenths of a dollar."
Downer's Party Supplies,Store,"A store located in Springfield Mall, Downer's Party Supplies sells various items for parties. Lisa Simpson and her friends intended to shop there for a school dance, but were distracted by Dingo Junction."
Donuts (shop),Donut Shop,"A donut shop located in downtown Springfield features a large brown donut resembling the colossal donut from ""Treehouse of Horror VI."" It is notable for its role in an episode where Homer Simpson uses the donut to stop a runaway monorail."
District 9,Alien Residence,"A district in Springfield, District 9 is home to aliens, referencing the film of the same name. It is mentioned in the episode ""Holidays of Future Passed"" during Bart's search for his children."
Dimwillie's,Fast Food Restaurant,"A fast food restaurant in Springfield, Dimwillie's is known for its quirky atmosphere and a mascot resembling Mayor McCheese. Homer once visited with his father to discuss his memory issues, and the family has also used the restaurant as a backdrop for humorous schemes to get free food."
Discount Lion Safari,,"A zoo-like tourist attraction in Springfield, Discount Lion Safari houses retired circus lions and former MGM mascots. It is known for quickly showcasing big cats to tourists, though it previously employed out-of-work actors in costumes until the cowardly lion scandal of 1993 ended that practice."
District 10,Alien Residence,"A district in Springfield, District 10 is an alien residence that is more luxurious than the neighboring District 9. It is featured in the episode ""Holidays of Future Passed."""
Dingo Junction,Clothing and fashion store,"A stylish clothing and fashion store located in Springfield Mall, it features Dash Dingo, a mascot inspired by the video game character Crash Bandicoot. Lisa Simpson and her friends once shopped there for outfits for a school dance."
Discount Fashion,Clothes store,"A cheap clothing store is located in Springfield, known as Discount Fashion."
Discount Frames,Picture frame store,"A picture frame store that offers discounted prices, it is located near Springfield Elementary School. In one episode, Bart Simpson drives a tank through Springfield and targets Discount Frames."
Dexter family's house,Residential,"A house on Evergreen Terrace, the Dexter family's residence is located near the Simpson home. They adopted Snowball V, Lisa's cat, who preferred their care and attention, leading to Bart visiting to retrieve his pet turtle."
Dewey Largo's music room,Music room for Springfield Elementary,"A music room at Springfield Elementary School, it is used for teaching music by Dewey Largo. The appearance of the room differs from its depiction in the show's opening sequence."
Deluxe Sunday Brunch,Hotel restaurant,"This hotel restaurant in Springfield is known for its deluxe Sunday brunch. Homer once took his family there to celebrate paying their mortgage, but the outing turned chaotic when Bart and Lisa started fighting, drawing the ire of Mayor Quimby at a nearby table."
Dentz,Car repairer,"A car repair shop in Springfield, Dentz is where Raphael works. Homer took his car there for repairs after it was damaged, but found the cost to be too high."
Day-Care Center,Day-care center,"A day-care center in Springfield, it is affected by pollution from nearby industrial facilities, contributing to environmental issues like acid rain."
David's Merkins,Merkin/pubic wig shop,"A merkin shop located in Springfieldia, David's Merkins is featured in the episode ""The Serfsons."" It is known for selling pubic wigs and is a humorous nod to writer and producer David Mirkin."
Dead Weasel Road,Street,"A non-industrialized road in Springfield, Dead Weasel Road is notable for an incident where Fat Tony confronted Marge Simpson regarding a debt owed by Homer Simpson related to a pretzel wagon business scheme."
Department of Motor Vehicles,Motor vehicle registration and driver licensing,"The Department of Motor Vehicles in Springfield handles motor vehicle registration and driver licensing. Patty and Selma work there, often depicted as bored and unhelpful, while the driving tests take place at the back of the building, where long lines are common."
Da Buzz Club,Children's Barbershop,"Located in Springfield Mall, this children's barbershop is where Bart and Lisa once gave themselves terrible haircuts after a mishap. Bart was distracted by a game, leading to a bad cut, and in retaliation, he shaved off part of Lisa's hair, resulting in both siblings trying to hide from their peers."
Davey Jones' Hamper,Clothing Shop,"A clothing shop located at Springfield's waterfront, it specializes in nautical outfits and accessories. Homer Simpson once purchased a sailor outfit from here."
Michael D'Amico,,"Michael D'Amico is the son of Fat Tony and Anna Maria, and he is a student at Springfield Elementary School. He is characterized by his silence and is described by Sherri and Terri as the ""weird kid who never says anything."""
D Street,Road,D Street is a road in Springfield that connects to Main Street and intersects with 12th Avenue.
D'Errico's Market,market,"A food market located in downtown Springfield, D'Errico's Market has been a part of the town since at least the 1980s. It is situated off the town square and has appeared in several episodes of The Simpsons."
Crypto Barn,Shop,"A store located at Springfield Squidport, Crypto Barn specializes in selling codes and has the slogan ""A place for codes."""
Crystal Cathedral,Place of Worship,"A church in Springfield, the Crystal Cathedral is constructed almost entirely of glass, allowing views of the outside. It is notably featured in the episode ""Natural Born Kissers,"" where Homer famously slides down its glass wall."
Croseus Street,Street,Croseus Street is located in Springfield Heights and is connected to Mammon Street. It is known for being a wealthy neighborhood where many affluent residents live.
Crazy Vaclav's Place of Automobiles,Car Dealership,"A car dealership run by Crazy Vaclav, this lot is filled with damaged and low-quality foreign cars. Homer visits the dealership in the episode ""Mr. Plow"" after wrecking his own and Marge's car, where he discovers that the car he is test driving comes from a country that no longer exists."
Crouching Tiger Hidden Eggroll,Fast Food Restaurant,"A Chinese takeout restaurant located in the Springfield mall food court, it is named as a parody of the film ""Crouching Tiger, Hidden Dragon."""
Cropduster Video,Shop,"A former video rental shop located in the Towne Centre, Cropduster Video was one of the many stores where Marge had a voucher, but it has since closed down. It parodies the well-known Blockbuster video rental chain."
The Creamatorium,Ice cream parlor,"An ice cream parlor located in the Springfield Mall, the Creamatorium sells a variety of ice cream flavors. It is situated next to Lionel Hutz's law firm, ""I Can't Believe It's a Law Firm!"""
Crazy E.T.'s Phone Home,Cellphone shop,"A cellphone shop located in the Springfield Mall, Crazy E.T.'s Phone Home features a name that is a pun on the famous line from the movie E.T. the Extra-Terrestrial. The store offers various mobile devices, including MyPhones at a promotional price of 20 cents."
Chlorine Dreams Indoor Water Park,Theme park,"An indoor water park in Springfield, it was formerly known as the Springfield Museum of Art."
Crackton,District,"A shady district in Springfield, Crackton is known for its unsavory reputation. Lisa once rode the bus on route 22A, passing through Crackton, and later remarked that she should have gotten off there."
Christian Science Reading Room,Holding religious texts,A Christian Science Reading Room in Springfield is a place where religious texts are held. It was once mistakenly targeted by an angry mob who believed it was associated with natural sciences.
Crafty Art's Arts and Crafts,Arts and crafts store,"An arts and crafts store in Springfield, Crafty Art's is where Otto once bought airplane glue without models and later discarded the models he purchased. Homer and Bart visited to buy balsa wood for a school project, but were criticized by Principal Skinner for their choice of the Washington Monument, prompting Homer to select the more challenging Westminster Abbey model instead."
The China Syndrome,China shop,"A shop in Springfield Mall, this china store specializes in selling china products, including tea sets and a Krusty teapot."
Christmas Tree Farm,Forest,"A forest in Springfield, this Christmas tree farm grows Christmas trees and is protected by a groundskeeper who uses a rifle and two hounds to deter trespassers. Homer once stole a Christmas tree from this location."
Counter Truancy Unit,,"The Counter Truancy Unit (CTU) is a secretive organization located beneath Springfield Elementary School, established by Principal Seymour Skinner to combat student misbehavior. Equipped with advanced surveillance technology, the CTU employs students like Bart and Milhouse as field agents to monitor and address truancy and other issues within the school."
Child Psychiatrist,Psychiatrist,A child psychiatrist's office is located on Psychiatry Row in Springfield.
Chinatown,,"A district in Springfield characterized by Asian culture, it features businesses like Toys ""R"" Us and Bob's Big Buddha. Chinatown is known for its rivalry with the neighboring Tibet Town and has been visited by the Simpson family."
Chez Guevara,Dance Club,"A dance club that specializes in Cuban dances, it features a sign that incorrectly translates to ""Cuban Dance Palace."" Tito Puente performs here in the episode ""Who Shot Mr. Burns? Part Two."""
Cheers,Bar,"A bar from the sitcom ""Cheers"" appears in Springfield when Homer considers drinking there after being kicked out of Moe's Tavern. He encounters characters like Sam Malone and Carla Tortelli, but is put off by their arguments."
Chez Nous,Fine dining restaurant,"A fine dining restaurant located in Springfield, Chez Nous is situated in the same district as The Aristocrat and Amor."
Child Welfare Van,Transporting children from unsafe homes to new homes,"A child welfare van is used to transport children from unsafe homes to new placements. In one instance, it arrived at the Simpsons' home to take Bart, Lisa, and Maggie to the Flanders' house after social workers deemed Homer and Marge unfit parents."
Chief Starving Bear Weight Loss Center,Weight Loss Camp,"A weight loss camp associated with Kamp Krusty, it emphasizes difficult and painful exercises to promote weight loss. Martin Prince was sent there by his parents, which he resented."
Cheddarbarrel Farm and 4-H Center,Farm  4-H HQ,"Located near Springfield, this farm serves as the headquarters for 4-H and features cows, chickens, pigs, and extensive crop fields. Bart joined 4-H here, where he cared for animals, including his cow named Lou, and met Mary Spuckler."
Channel 6 News Van,Van,"The Channel 6 News Van is used by Springfield's Channel 6 to quickly respond to news events. It first appeared in the episode ""Some Enchanted Evening."""
Chalmers house,Residential,"The Chalmers house is the residence of Gary Chalmers and his daughter, Shauna, located across from the Springfield Zoo. Gary is a doomsday prepper who stores a large arsenal of supplies in his basement, including bulk foods, first-aid equipment, and automatic rifles."
Channel 6,,"Springfield's most popular TV channel is located next to the Springfield Box Factory and adjacent to Krustylu Studios. Kent Brockman is the main news presenter, and the channel features various shows, including the Krusty the Clown Show and children's programming."
Chazz Busby Ballet Academy,Ballet academy,"A ballet academy for women and girls, it is owned by Chazz Busby. Marge Simpson auditioned there to fulfill her childhood dream, but after a poor performance, her daughter Lisa was offered a spot, leading to unexpected challenges and ultimately Lisa's decision to quit ballet."
Catfish Lake Bait Store,"Gas station, souvenir, food and bait shop","This general store serves as a gas station, souvenir shop, food outlet, and bait shop located along a mountain road near Catfish Lake. Homer visits the store to buy bait while Marge stretches her legs, and he learns about the legend of a giant catfish named General Sherman from a local."
Catfish Lake,Natural Landmark,"A freshwater lake located in the mountains of Springfield, Catfish Lake is popular with fishermen seeking the legendary giant catfish known as General Sherman. The lake features a main cabin for couple counseling and dormitory cabins for guests, and it serves as a retreat for Homer and Marge during Reverend Lovejoy's marriage encounter weekend."
Channel 6 Helicopter,To report news,"The Channel 6 helicopter is used by the news team to report on various events, with Arnie Pye covering traffic and Kent Brockman delivering news updates. It serves as a key tool for Channel 6's news coverage in Springfield."
Carl's Dad Caverns,Caverns,"A set of caverns in Springfield discovered by Carl's dad in 1956, the location is known for a family trip where Bart attempted to escape a nature walk. The Simpson family encountered hidden gold coins inside, leading to a confrontation with various characters, but ultimately chose to volunteer instead of pursuing greed."
Center for Geriatric Medicine,Medical Center,"A medical center in Springfield, the Center for Geriatric Medicine caters to the elderly. It gained attention during its grand opening when many seniors came to see Ben Matlock, who was unexpectedly attacked by fans."
Cards (shop),Card shop,"Located in the Springfield Mall, this card shop sells greeting cards for various occasions, including birthdays."
Capital City Plaza Hotel,Hotel,"A hotel located in Capital City, it is where Homer Simpson and Mindy Simmons stay while representing the Springfield Nuclear Power Plant at a national energy convention. The hotel features a bellhop who adds to the tension of the situation, but Homer ultimately chooses to bring Marge to the hotel instead."
Captain Blip's Zapateria,Arcade,"An old and rundown arcade located in the Springfield Mall, Captain Blip's Zapateria features dirty and cracked game systems. Notable games include Click Clack Unipede, Monkey Kong, and a pinball game, among others."
Calmwood Mental Hospital,Mental hospital,"A mental hospital in Springfield, Calmwood Mental Hospital is where Ned Flanders voluntarily commits himself after a breakdown. Homer Simpson is also admitted after being accused of imagining a character named Ray Magini, leading to a series of misunderstandings and electro-shock therapy administered by Dr. Hibbert. Notable patients include Lucille Botzcowski, John Swartzwelder, and Jay Sherman."
Café Kafka,Coffeehouse,"A small coffeehouse in Springfield, it is a popular hangout for Springfield University students, known for its poetry performances."
Candy Most Dandy,Candy store,"A candy store located near Springfield Town Square, it is owned by Mr. Dandy. The store has appeared in a few episodes, including ""The Telltale Head"" and ""The Daughter Also Rises,"" and was featured in the opening sequence from seasons 2 to early 20."
Camp Flab-Away,Camp,"A fat camp for overweight boys, Camp Flab-Away focuses on weight reduction through diet, exercise, and discipline. Notable attendees have included Mayor Quimby, Chief Wiggum, and Comic Book Guy, while Homer Simpson accidentally ended up there after falling off a cliff near a neighboring camp."
Candy Shop (The Serfsons),Candy shop,"A candy shop appears in ""The Serfsons,"" owned by an unseen character known as William Child-Eater."
Cafe de Mexico,Restaurant,"A Mexican restaurant located in Springfield, Cafe de Mexico was where a young Homer worked as a member of a Mexican band."
Bus Route 22 and 22A,Public Transport,"Bus routes 22 and 22A are two of the main public transport options in Springfield. Route 22 serves key locations like the Springfield Museum and the university, while Route 22A has stops at places such as Pressboard Estates and the airport."
Caesar's Pow-Wow Casino,Gambling,"A casino located on an Indian reservation, it features gambling and entertainment acts. The Simpson family visits after being unable to camp at a nearby lake, where Homer takes out a second mortgage and Marge loses a significant amount of money."
Burns Manor,Residential,"Mr. Burns' mansion, located at 1000 Mammon Avenue in Springfield Heights, is a heavily fortified residence featuring a high wall, electrified fence, and a pack of attack dogs. The mansion contains 137 rooms, including a laboratory, a theater, and a wine cellar with rare artifacts, and it was once the site of the Springfield Nuclear Power Plant's annual picnic."
Burns Slant Drilling Co.,,"Owned by Charles Montgomery Burns, this drilling company was established to extract oil beneath Springfield Elementary School, leading to significant financial and structural damage to the school and surrounding areas. The operation caused the closure of Moe's Tavern due to toxic fumes, destroyed Bart's treehouse, and weakened the foundation of Springfield Retirement Castle, resulting in widespread resentment towards Burns from various Springfield residents."
By the Numbers Productions,Media,"A television studio produces the series ""Police Cops,"" which features a character named Homer Simpson, leading to ridicule for the real Homer in Springfield. The studio initially considered creating a show inspired by ""Titanic"" and ""Frasier"" before settling on the cop series."
Burns University,University,"A for-profit college owned by Charles Montgomery Burns, Burns University features faculty made up of employees from the Springfield Nuclear Power Plant, including Homer Simpson, Lenny Leonard, and Carl Carson. The university's motto is ""ut uberiores divites,"" meaning ""the rich get richer,"" and it is known for its unconventional approach to education."
Bus Depot,Transportation,The bus depot serves as a transportation hub in Springfield where recruits of the U.S. Navy can board buses to the naval base.
Burns Family Mausoleum,Tomb,"A free-standing building within Springfield Cemetery, the Burns Family Mausoleum contains the graves of the Burns family, including Ebenezer Burns and the gaslight killer. It has appeared in several episodes, notably when Mr. Burns attempted to wall Homer inside it in ""C.E. D'oh"" and later served as a refuge for Burns in ""The Great Phatsby."""
Bush House,Residential,"A large, white, fancy home with an attached double garage and two chimneys is located across the street from the Simpsons' and Flanders' houses on Evergreen Terrace. It is currently occupied by former President Gerald Ford and has appeared in several episodes of The Simpsons, including ""Two Bad Neighbors."""
Burger Plate,Restaurant,"A fast-food restaurant, Burger Plate is where Homer and his family stop to eat while searching for Marge. Bart suggests they pretend it's his birthday to get free food, leading Homer to declare it a birthday celebration for the whole family."
Broken-Home Chimney Repair,Repair store,"A repair store specializing in chimney services, Broken-Home Chimney Repair is seen by Marge Simpson while driving."
Bureau of Licenses and Permits,City bureau,"This city bureau grants licenses and permits to Springfield's citizens, including for activities like selling lemonade. Lisa and Bart visited to obtain permission for their sidewalk lemonade stand."
Box Fort,Fort,"A box fort built by Bart and Lisa in their backyard resembles a castle made from shipping boxes. After a confrontation with Raphael, a delivery man who wanted the boxes back, a battle ensued between Bart and Lisa's makeshift army and Raphael's team of delivery workers, ultimately leading to the fort's destruction with a garden hose."
Buckingham Palace Quick Lube,Car wash,"A car wash located in Springfield, Buckingham Palace Quick Lube features a humorous design with a character dressed as a queen's guard. It is notable for an incident where Maggie mistook the guard's furry hat for Marge's hair."
Bouvier House,Residential,"The Bouvier House is where Marge Simpson grew up with her parents, Clancy and Jackie Bouvier, and her twin sisters, Patty and Selma. The current owner sells rabbit carcasses, and Marge and Homer lived there briefly before moving to an apartment."
Books! Books! and Additional Books!,,"A bookshop in Springfield, Books! Books! and Additional Books! features a variety of titles, including works on relationships and UFOs. Homer and Marge once visited to find a book to improve their marriage, while Bart and Lisa explored their own interests, leading to humorous situations involving the books they chose."
Builders' Barn,Hardware store,"A hardware superstore in Springfield, Builders' Barn is a parody of Home Depot. It is featured in episodes such as ""Don't Fear the Roofer"" and ""Please Homer, Don't Hammer 'Em."""
The Boob Tubery,Electronics store,"An electronics store in Springfield, it sells televisions, satellite dishes, and other audiovisual equipment. The exterior resembles the Try-N-Save store, featuring satellite dishes above the sign."
Broken Dreams Storage Lockers,Self-storage units,"A self-storage unit in Springfield, Broken Dreams Storage Lockers was once home to Sideshow Bob and Gil Gunderson. After his release from prison, Bob used the locker to plot his revenge against Bart, while Gil also sought revenge and interrupted Bob's plans."
Boris' Car Loft,Car Dealership,"A car dealership in Springfield, Homer Simpson briefly worked at Boris' Car Loft after being fired from the nuclear power plant, where he later purchased an antique ambulance. The name is a play on actor Boris Karloff."
Bookaccino's,Bookstore,"A large bookstore in Springfield, Bookaccino's features at least four floors and a café on the first floor. It is known for its extensive collection of books and has appeared in several episodes of The Simpsons."
Books,Bookstore,"A bookstore located in the Springfield Mall, it first appeared when Homer was searching for a birthday present for Marge. The store has been depicted in various episodes, including ""Homer's Phobia"" and ""Peeping Mom."""
Blockoland,Theme park/attraction,"A large theme park made almost entirely of Blocko building blocks features three areas: Rectangle Land, Cube Country, and Squaresville. The Simpson family visited Blockoland, which parodies Legoland, a chain of amusement parks based on the Danish toy brand LEGO."
Bob's Victorian House,Home,"Sideshow Bob resides in a Victorian-style home in Springfield. In the ""Treehouse of Horror XXVI"" segment, he takes Bart's body back to this house after killing him."
Blocko Store,Shop,"A store located in the Towne Centre at Springfield Glenne, it specializes in selling Blocko sets. Lisa once visited the shop seeking a plain Blocko set, but was informed that it was not available."
Bob's Big Poi,Restaurant,"A Hawaiian restaurant in Springfield, Bob's Big Poi closed down after going out of business. Homer retrieved a discarded tiki statue from the curb and modified it to burp fire by rerouting the kitchen gas into its mouth."
Blowhole Republic,,"A store that sells whalebone corsets, Blowhole Republic is frequented by characters like Patty, Selma, and Comic Book Guy. The name parodies Banana Republic."
Bob's RV Round-Up,RV Dealership,"An RV dealership run by Cowboy Bob, it sells various recreational vehicles, including the impressive ""Ultimate Behemoth."" Notable customers include Ned Flanders and Homer Simpson, with Homer often making poor purchasing decisions despite his family's concerns."
Bloaters at the Squidport,Shop,"Located at Springfield Squidport, this shop is known for its jello shooters. Homer and Marge visited the shop, where Homer reassured Marge about their children at home."
Birthplace of Jebediah Springfield,Birthplace where Jebediah Springfield was born,"The birthplace of Jebediah Springfield is the house where he was born. It was destroyed when the Springfield monorail crashed into it, and although it was rebuilt, it faced further destruction when Moe's house fell on top of it."
Birthplace of Matt Groening,Birthplace of Matt Groening,"Matt Groening was born in 1954 in Portland, Oregon, not in a log cabin. In an episode of The Simpsons, Homer drives through a building resembling Groening's birthplace after dropping Bart off at a boot camp."
Bird Sanctuary,Bird observing,"A location in Springfield where various kinds of birds can be observed, the bird sanctuary is a place Marge longs to visit. However, during a chaotic incident at Itchy & Scratchy Land, the birds at the sanctuary become aggressive, attacking visitors due to a lack of food."
Billionaire Camp,Campsite for Billionaires,"A campsite for billionaires, this location is frequented by wealthy individuals like Mr. Burns and Jeff Bezos. It is adjacent to the millionaire camp, and entry requires a net worth of over one billion dollars; those who fall below this threshold risk being demoted. Activities include food fights, archery on famous paintings, and poker games, while residents live in cottages displaying their current wealth."
Bin Laden family's house,Residential,"A house owned by the Bin Laden family is located in Springfield, where Bart befriends Bashir Bin Laden after smelling food from their garden. Homer initially misinterprets the family's activities as suspicious, believing they are involved in terrorism, but later discovers they are simply involved in a construction project."
Bikini Shop,Retail of bikinis,"Located in the Springfield Mall, this bikini shop sells a variety of bikinis and is situated next to Ren's Meat. It appears in the episode ""Simpson and Delilah."""
Bill & Edwina's Tour-Rest Cabins,Hotel,"A hotel offering cabin accommodations for tourists, Bill & Edwina's Tour-Rest Cabins is located near Potato Rock National Park. Guests receive a complimentary souvenir booklet about Potato Rock during their stay."
BetterThanTV.com,Internet animation studio,"An internet animation studio, betterthantv.com produced various cartoons, including Bart's comic strip ""Angry Dad,"" which became a brief sensation after being adapted into a cartoon. The studio eventually went out of business due to financial issues, but years later, Bart collaborated with Herman Millwood to turn ""Angry Dad"" into a successful movie."
Big T Theatre,Theater,"A theater in Springfield, Big T Theatre hosts various events, including concerts featuring artists like Ice-T and Booker T. The venue is marked by a prominent red letter ""T"" on its signage and was considered by Springfield residents as a potential hiding place for hidden money."
Bikini Atol,Shop,"A bikini store located in the Towne Centre at Springfield Glen, it is situated near XO and Puttering Barn. The shop is named Bikini Atol, a playful reference to Bikini Atoll in the Marshall Islands."
Bike Track,Bike track,"A bike track in Springfield is where Bart takes Martin to teach him how to be cool. It is featured in the episode ""Bart Gets an F."""
Big T Burgers & Fries,Restaurant,"A restaurant in Springfield, Big T Burgers & Fries specializes in burgers and fries, with a sign featuring a large red letter ""T."" It was considered by Springfield residents as a potential hiding place for hidden money, but it was not actually the location."
Best of the Smithsonian,Museum,"A traveling museum exhibition featuring historical and cultural items, including Abraham Lincoln's hat and Fonzie's jacket, visited the Springfield Convention Center. Homer Simpson accidentally damaged the Bill of Rights during the exhibition and was required to repay his debts."
Berger's Burgers,Fast food restaurant,"An old-school drive-in burger joint, Berger's Burgers features waitresses on roller skates. Marge worked there before and briefly after her marriage to Homer to support the family when he lost his job."
Bear Patrol,Bear Monitoring,"An organization associated with the Springfield government, Bear Patrol was established in response to citizen concerns after a bear sighting. Despite its heavy funding and use of vans and aircraft, it has not had a significant impact, as bears are nearly nonexistent in Springfield."
Beachwear,Clothing store,"A clothing store located at Springfield Squidport, it specializes in beachwear."
Baseball Announcer (Brother from the Same Planet),,"The baseball announcer works at Springfield War Memorial Stadium and announces a game on Tomato Day, where he delays the game due to a speech by a communist party recruiter."
Bates Motel,Lodge,"A motel located in Terror Lake, it is where Sideshow Bob plotted his revenge on Bart Simpson."
Barney's Bowlarama,Bowling,"A bowling alley in Springfield, Barney's Bowlarama is owned by Al Gumble, Barney Gumble's uncle. It has been destroyed and rebuilt multiple times, including after a fire and a hurricane, and served as a venue for church sermons following a court case won by Homer."
Barns for Nobles,Barn shop,"A barn shop located in Springfieldia, Barns for Nobles is a parody of Barnes & Noble. Homer and Lisa pass by it while trying to earn gold pieces for the amulet of Warmfyre."
Bart's Treehouse,Treehouse,"Bart's treehouse is located in the backyard of 742 Evergreen Terrace and serves as a hangout spot for Bart and his friends, where they often read comics."
Bart Boulevard,,"A street in Springfield, Bart Boulevard is home to Springfield Elementary School and Springfield General Hospital. It is notable for an incident involving a major car crash that occurred after Bart stole the street sign."
Barnacle Bill's Anger Management Center,Mental health facility,"A mental health facility located at the waterfront, it specializes in helping individuals manage their anger and express it constructively."
Bar,Bar/Tavern,"An old, rundown bar located in a less affluent area of Springfield, it is featured when the Simpsons search for a cheap Christmas tree after Homer spends the family's money on an astrolabe."
Barney's apartment,Residential,"An apartment complex inhabited by Barney Gumble, it is known for being dirty and in disrepair. The apartment overlooks the Springfield Penitentiary and is located above Moe's Tavern."
Barber Hibbert's Surgery,Surgery centerBarber shop,"A surgery center and barber shop, Barber Hibbert's Surgery is located in Springfield. It is run by Dr. Hibbert, who has treated various characters, including Krusty the Clown and Jacqueline Bouvier."
Bachelor Arms,Apartments,"An apartment complex in Springfield, Bachelor Arms is where Kirk Van Houten stayed during his divorce from Luann. The building is known for its high rate of suicides, with a sign that counts the days since the last incident."
Banana Dictatorship,Shop,"A clothing store located in the Towne Centre at Springfield Glenne, it parodies the real-life store Banana Republic."
Banana Monarchy,Clothing store,"A clothing store located in Springfieldia, Banana Monarchy is featured in the episode ""The Serfsons."" It is a parody of the retail chain Banana Republic."
Bail Bonds,Bondsman office,"The office of Lucky Jim, a bondsman, is a rundown building with a failing neon sign. He employs tough individuals like Wolf the Bounty Hunter to track down those who skip bail, including Homer Simpson."
Bail Bonds and Beyond,Bondsman office,"This bondsman office is located across the street from Sleazy Sam's Payday Loans and next to Lotto 'n' Liquor. It appears in the episode ""Ned 'n Edna's Blend."""
Aztec Theater,Movie theater,"A movie theater located off the town square next to a pawn shop features atmospheric decor inspired by the Aztec civilization. It has premiered several films, including installments of the Space Mutants series and ""Itchy & Scratchy: The Movie,"" and has a strict no refunds policy for disgruntled viewers."
Badlands,Crime-filled district of Springfield,"A crime-ridden section of Springfield, the Badlands is known for its rampant illegal activities and features a large landfill. The area's sign even allows for high-speed chases, highlighting its lawless reputation."
B. Hoffman Dentist,Dentist,"A dentistry in Springfield, B. Hoffman Dentist is where Homer and Marge took Bart and Lisa after their graduation from Rommelwood Military School, instead of the promised trip to Disneyland."
Asteroid Elementary,School,"An elementary school featured in the movie ""Springfield of Tomorrow,"" where Junior studies history. In the film, Mel and his wife pick up Junior using a robot arm."
The Auto Graveyard,Junk yard,"A scrap-metal junkyard, the Auto Graveyard is where Truckasaurus was stored before Bart reactivated it."
Au Naturel,Bakery,"An erotic bakery is run by an Irish man named Patrick Farally, where Marge once worked after he recognized her baking talent. Notable customers include Patty, Selma, and Dr. Hibbert."
Area 51-A,Military base,"A top-secret military base, Area 51-A is where Lisa accidentally ended up after taking the wrong bus. She initially thought it was Area 51, but a guard clarified its true identity."
Asia de Cuba,Fine dining,"A fine dining restaurant where Homer and Marge have dined, it is known for its expensive menu featuring roast beef and wine, as well as a buffet table and a chocolate fountain. The restaurant also offers a signature view of Springfield."
Army Proving Grounds (bus stop),Bus Stop,This bus stop is located at the Army Proving Grounds in Springfield. It was mentioned when Lisa was riding a bus and listening to the names of various bus stops.
Are We Hair Yet?,Salon,"A salon owned by Homer, Are We Hair Yet? primarily catered to women and was located where Honey Me Mine once stood. The name is a pun on the phrase ""Are we there yet?"""
Area Code Camp,,"A course was held for Springfield residents when the town was divided into two area codes, 636 and 939. Homer, Lenny, and Carl attended Area Code Camp for two weeks to learn about the changes."
Apu's Taj Mahal,House,"Apu's Taj Mahal is the residence of Apu, his wife Manjula, and their 64 grandchildren, all of whom are the offspring of their octuplets."
Armstead's Mopeds,Store,"A store located in Springfield's gay neighborhood, it specializes in selling mopeds. Homer once walked by while searching for Julio and Grady's apartment."
Appropriations Cultural Artifacts,,"A shop located at the Promenade on the Grove in Springfield Heights, it specializes in cultural artifacts."
Apu's apartment,Residential,"Apu's apartment is the residence of Apu Nahasapeemapetilon, his wife Manjula, and their eight children. Apu often prioritizes his work at the Kwik-E-Mart over spending time at home with his family."
Animal Hospital,Animal Medical Practice,"A veterinary service in Springfield, the animal hospital treated Homer Simpson after he experienced belly pain from being hit by a cannonball at Hullabalooza."
Animal Assistants,Disabled assistance,"A company provides animal assistants to disabled individuals. Homer Simpson sought a helper monkey from them after seeing Apu with his, but was denied due to not being disabled; he later brought his grandfather Abe to adopt a monkey named Mojo, which was eventually returned due to its poor health."
Antiques,Antiques store,An antiques store located at Springfield Squidport sells various vintage items.
Another Government Highway Project That Will Never End,Highway Construction Project,"A highway construction project on rural route 9, it connects to Suicidal Moron Pass. The project is humorously depicted as never-ending."
The Android's Dungeon & Baseball Card Shop,Comic shop,"A comic book shop in Springfield, it is run by Jeffrey Albertson, known as Comic Book Guy. The Android's Dungeon & Baseball Card Shop offers a wide selection of comic books and collectibles, and is located on the town square next to Skip's Diner."
Aphrodite Inn,Inn,"Springfield's most luxurious hotel features fifty-seven themed fantasy suites, including the Smokey and the Bandit suite and the Oval Office. Notable guests have included celebrity lion tamers Gunter and Ernst, as well as Mayor Quimby."
Animal Psychotherapy Center,Health Facility,This health facility is where Homer and Marge took Santa's Little Helper for therapy. It is accessible via bus route 22.
Amoré,Fine dining restaurant,"A fine dining restaurant located in Springfield, Amoré is situated in the same district as The Aristocrat and Chez Nous."
Angry Mob,,"A recurring group of Springfield townspeople, known as the angry mob, often reacts violently to minor issues, typically targeting the Simpson family or other characters. Members include various residents, such as Abe Simpson, and they are known for their mob mentality, often wielding torches and pitchforks during their pursuits."
American Princess,Doll Store,"A doll store located at the Towne Centre at Springfield Glenne, it features a Princess Café where girls can have tea parties with their dolls. Lenny visits the store after the Simpsons decline to shop with him, and the cashier offers to assist him."
America's Apparel,Shopping,"A store in Springfield, America's Apparel appeared in ""The Day the Earth Stood Cool"" and replaced Sprawl-Mart as hipsters from Portland transformed the town."
Alternative Knifestyles,Store,"A store located in Springfield's gay neighborhood, it specializes in selling knives. Homer once walked by while searching for Julio and Grady's apartment."
Alley McBalls,Purchasing bowling balls and accessories,"A store that sells bowling balls and accessories, Alley McBalls is where Homer purchased a blue bowling ball by selling his Apple shares during a flashback in the episode ""Four Regrettings and a Funeral."""
America's Most Armed and Dangerous Office,TV studioMain set for America's Most Armed and Dangerous,"The office serves as the main filming location for the show ""America's Most Armed and Dangerous."""
A.S.S.,,"American Shipping Services provides free shipping boxes to companies, with Raphael working as a delivery man there. Bart and Lisa once ordered numerous boxes to build a fort, leading to a conflict with Raphael, who returned with an army of delivery personnel to reclaim the boxes."
Abe's and Selma's House,Residential,"Abe and Selma's house is where Abe Simpson and Selma Bouvier lived with their adopted daughter, Ling. While Selma worked, Abe took care of Ling but caused chaos in the kitchen, leading to a series of mishaps that contributed to their eventual separation."
Abandoned Store,StoreThe Ancient Mystic Society of No Homers base,"The abandoned store served as the first headquarters for the Ancient Mystic Society of No Homers, a breakaway group formed by former members of the Stonecutters to exclude Homer. It was originally a Baskin-Robbins ice cream store before being taken over by the society."
A Taste of Springfield,Food festival,"A Taste of Springfield is a food festival featuring booths from many of the town's restaurants, set in an outdoor venue. The event was notable for a failed assassination attempt on Homer Simpson, who was then a food critic, when a chef attempted to poison him with an éclair, leading to chaos and an explosion at Hans Moleman's gruel stand."
Abandoned aqueduct,,"The abandoned aqueduct is a site for illegal drag racing in Springfield, where characters like Grampa and Jasper Beardly have participated in races. The tunnel's exit leads to a cliff near the Simpsons' house."
Abbattoir & Costello LLC.,Feed Lot,"This feed lot for cows is located on Rural Route 9 next to the slaughterhouse in Springfield. Bart's cow, Lou, was taken here after winning at the Springfield County Fair, but Bart and Lisa later rescued him with the help of animal rights activists."
The A-Maize-Ing Maize Maze,Maze,"The A-Maize-Ing Maize Maze is an electrified corn maze featured at a harvest festival. The Simpson family got lost in it, with Homer eventually being rescued by Santa's Little Helper after a series of misadventures."
744 Evergreen Terrace,Residential,"The Flanders family resides at 744 Evergreen Terrace, next door to the Simpsons at 742 Evergreen Terrace. The house, which features a pink-purple exterior and religious imagery inside, was destroyed by a hurricane and poorly rebuilt, leading to an emotional outburst from Ned Flanders in the episode ""Hurricane Neddy."""
743 Evergreen Terrace,Residential,"The mansion at 743 Evergreen Terrace is located across the street from the Simpson family's home at 742 Evergreen Terrace. It features multiple rooms, including a hall, living room, study, garage, kitchen, and bedroom."
754 Evergreen Terrace,ResidentialLab,"The blue detached home at 754 Evergreen Terrace belongs to Professor John Frink, located in the Pressboard Estates district of Springfield. It features a flying gorilla attached garage, solar panels, and a basement used as a lab for his experiments."
742 Evergreen Terrace,House,"The Simpson family's house is located at 742 Evergreen Terrace in Springfield and serves as the main setting for the series. It first appeared in the short ""Good Night."""
A Hard Place,,"This location, featured in The Simpsons Movie, is a wooden building that Homer collides with while being tossed around by a wrecking ball. It serves as a visual representation of the phrase ""between a rock and a hard place."""
740 Evergreen Terrace (Brown House),Residential,"The Brown House, located at 740 Evergreen Terrace, is a residential property next to the Simpson family's home at 742 Evergreen Terrace. It has been inhabited by various families, including the Winfields, the Powers, and a disguised Sideshow Bob, and has seen multiple occupants over the years, including Ted Flanders and his daughters."
99¢ Shrink,Medical Office,"A medical office located on Psychiatry Row, it is a parody of the 99 Cents Only Stores chain and is situated next to Quack in the Box. Marge and Homer pass by this location in the episode ""The Girl Who Slept Too Little."""
725 Evergreen Terrace,Residential,"The residence at 725 Evergreen Terrace belongs to Reverend Lovejoy, the local pastor in Springfield."
82 Evergreen Terrace,Residential,"A block of apartments located in the Pressboard Estate district, one of the units at 82 Evergreen Terrace was rented by Edna Krabappel, Bart's teacher, until she moved in with Ned Flanders. The layout of the apartments has shown inconsistencies in various episodes."
732 Evergreen Terrace,Residential,"The Wiggum family resides at 732 Evergreen Terrace, where Chief Wiggum keeps a cupboard filled with police equipment and files on Springfield residents, which his son Ralph is forbidden to access. The house's design varies throughout the series, sometimes depicted as a small one-story home and other times as a larger two-story structure."
3rd Street Station,Subway station,"A subway station located on 3rd Street in Springfield. It appears in episodes such as ""Bart Sells His Soul"" and ""Postcards from the Wedge."""
734 Evergreen Terrace,Residential,"A large suburban house, 734 Evergreen Terrace is the residence of the Hibbert family, situated between the Wiggum and Brown houses. It has been featured in various episodes, including ""Bye Bye Nerdie,"" where Homer baby-proofed it, and ""Grift of the Magi,"" where Bart and Lisa caroled there as part of a Christmas distraction."
50 Foot Magnifying Glass,Public Art Structure,"A giant magnifying glass located in downtown Springfield, it is primarily known for burning down the popsicle stick skyscraper."
35 Industry Way,Factory,"An abandoned factory located at 35 Industry Way was won by Bart Simpson for one dollar at a government tax seizure auction. The factory, which previously housed adding machines and a coffee vending machine, became a playground for Bart and Milhouse until it ultimately collapsed."
652 8th Avenue,Residential,"A rundown block of flats located in Springfield, 652 8th Avenue is home to residents Kurt Hardwick and Ethan Ballantyne, with a tramp often found outside."
33 cents Store,Discount store,"A discount store sells all items for 33 cents, primarily featuring discontinued, factory second, and recalled products. The Simpsons shop there to save money for a family vacation, and Homer suffers from red tide poisoning after consuming expired plankton from the store."
57 Walnut Street,Residential,"Moe Szyslak lives at 57 Walnut Street, which is a residential house. It has been featured in various episodes, including ""A Star is Burns"" and ""Days of Wine and D'oh'ses."""
27 Rural Route 9,Residential,"The Spuckler house, located at 27 Rural Route 9, is home to Cletus and Brandine Spuckler and their numerous children. Cletus is known for his rural lifestyle and is often depicted as an inbred character in the series."
19 Fish Smell Drive,Residential,"The Muntz family resides at 19 Fish Smell Drive, located on the east side of Springfield. Their house features a wooden interior and is stereotypical of a hillbilly home, with Nelson's room containing a bed, a guitar, and various propaganda posters."
3rd Street,Street,A subway station is located on 3rd Street in Springfield.
257th Street,Street,"A street located near Springfield Harbor, 257th Street features an apartment building where Grandma Van Houten resides. It is depicted in the episode ""Bart Sells His Soul."""
1987 Calendars!!!,Retail,"A shop located in Springfield Mall, it specializes in selling calendars from the year 1987."
181st Street,Street,"A street in Springfield, 181st Street is notable for a scene where Chief Wiggum calms a derelict and Bart intimidates Ralph for his soul while in a police car."
2013 Springfield Tornado,,"In 2013, a tornado struck Springfield, first noticed by Lisa. The tornado caused significant destruction, sucking up characters like Homer, Marge, and Santa's Little Helper, and destroying locations such as the National Bank of Springfield and Lard Lad Donuts."
12th Avenue,Street,"One of the streets in Springfield, 12th Avenue features the Springfield Bridge."
123 Fake Street,Abandoned house,"An abandoned house at 123 Fake Street was mistakenly used by Marge as a fake address when she called the police. When the police arrived, they found Bart and Milhouse hiding illegal fireworks inside."
156th Street,Street,"One of the streets in Springfield, 156th Street is where Bart travels in search of his soul."
1 Ocean View Drive,Houseboat,"The houseboat at 1 Ocean View Drive is the residence of Judge Constance Harm and her pet seal, Poncho. Homer and Marge once attempted to prank the judge by posting a banner on her boat, which led to a series of events that resulted in the boat sinking."
